empresa;documento;número de ordens
0899 COND. EDIF. PARC EVIAN;10.253.815/0001-36;0
Morada nova;67549043000100;0
A EXCLUSIVA MOVEIS E EQUIPAMENTOS PARA ESCRITORIO E GASTRONOMIA LTDA;07080597000170;0
teste;46776942000167;0
SUPPLIER BOOK TECNOLOGIA LTDA;29738552000183;0
ALEMOLDE INDUSTRIA E COMERCIO DE EMBALAGENS DE MATERIAL PLASTICO LTDA;10344758000109;0
LEROY MERLIN COMPANHIA BRASILEIRA DE BRICOLAGEM;01438784003708;0
PORTO TEC ASSISTENCIA TECNICA LTDA;13720716000105;0
TECHEM DO BRASIL SERVICOS DE MEDICAO DE AGUA LTDA.;07829545000154;0
0467 COND. EDIF. MANSAO J. SAADE;55.401.285/0001-64;0
ATEVALDO DOS SANTOS - BEL;09102212000154;0
WATERTEC INDUSTRIAL COMERCIAL LTDA;01081469000165;0
COTABOX TECNOLOGIA E SOFTWARE LTDA - ME;24672820000198;0
0893 EDIFICIO PLATEAU JARDINS;10.427.332/0001-00;1
RAP BURGUER HAMBURGUERIA EIRELI;27286149000135;0
0287 COND. EDIF. PORTLAND'S RESIDENCE;60.376.233/0001-15;0
Morisco Lingerie;01830530000391;0
SISTEMA ALFA UNIVERSITARIO LTDA - ALFAFadipa;04943416000102;0
MORUMBI BOBINAS E ETIQUETAS;02977086000132;0
PWA INFORMÁTICA - ME;08583553000126;0
A. A. DA SILVA - MIUDEZAS;09590207000138;0
teste;68297425000148;0
PAULO VALERIO PEDRO;05855483000120;0
cotação de preço;65620437000173;0
IGAM4 CONSULTORIA CIENTIFICA E TECNOLOGICA LTDA - EPP;21852121000131;0
capfsoft;92850408000170;0
TINTAS MC LTDA;61149506004904;0
BANCO DO BRASIL SA;00000000000191;0
COOP. NOVA ALIANÇA;88612486000160;0
Jair Eletrica;19983473000184;0
comunidade Evangélica de Nilópolis;02072261000142;0
CELSO GARCIA REFEICOES Teste Cotabox;06268869000106;0
G&B - MATERIAIS PARA CONSTRUÇÃO ;20217106000159;0
CONDUZ TINTAS;06148424000184;0
PONTO 5;09590207000138;0
0652 CONDOMINIO WIDE GARDEN;14.886.384/0001-04;0
ASSOCIAÇÃO PELA FAMÍLIA;61330817000970;0
INSTITUICAO PAULISTA ADVENTISTA DE EDUC E ASS SOCIAL;43586122002753;0
RCA DISTRIBUIDORA SOCIEDADE LTDA;05846607000100;0
GS SOUTO;04949655000161;0
MAJ- MORENO;55172977000188;0
0956 EDIF. EXT CAMPO BELO;29.709.204/0001-88;0
Mega 7 Soluções ;12591341000168;0
Caião dos Incenso SA;79214292000115;0
 iOn Live / Sportion;13562187000169;0
WINKER;18924102000169;0
Armarinho Sao Jose;72220268000140;0
capsoft;59609667000139;0
Conpass;24844780000114;0
PREFEITURA MUNICIPAL ;13635008000176;0
BANCO DO BRASIL SA;00000000000191;0
HARMONIA TERCEIRIZACOES;14874144000181;0
REVOLUTIO SISTEMAS DE TELEATENDIMENTO LTDA;00483756000139;0
Oficina da Mesa - Cozinha Compartilhada e Empreendedora;17486157000171;0
VANESSA DE LIMA CORTILE;11975667000126;0
Kavalcante Group;26738749000124;0
Lucas Nabeiro de Campos;29102137000139;0
COMPANHIA MUNICIPAL DE TRANSITO E URBANIZACAO-CMTU-LD;86731320000137;0
FUNDACAO DE APOIO A FACULDADE DE MEDICINA DE MARILIA;09161265000146;0
HARMONIA TERCEIRIZACOES;14874144000181;0
BANCO TRIANGULO S/A;17351180000159;0
COMPANHIA DE PESQUISA DE RECURSOS MINERAIS CPRM;00091652003013;0
ETEC ITAQUERA II;62823257028534;0
R.A. DOS SANTOS GESTAO EMPRESARIAL;16700955000191;0
ETEC ITAQUERA;10754640000140;0
Jair Eletrica LTDA;95359649000100;0
Tiquatirão Frutos do Mar;10858459000184;0
FUNCEF;00436923000190;0
RABBIT COMERCIO DE ROUPAS - ME;11248972000116;0
Departamento SA;46463653000108;0
teste;36164250000104;0
Worth a Million;63025530001267;0
IRMAOS BIRCHAL;08599266000104;0
QUALYNEI INFORMATICA S/C LTDA;03794861000187;0
NOVA MAXIMOS;12683888000193;0
BANCO TRIANGULO S/A;17351180000159;0
RODRIGO SCOLA SODRE 00560282028;13573816000156;0
1089 COND.EDIF. PIAZZA DI LUGANO;59.833.723/0001-14;0
VALEANT FARMACEUTICA DO BRASIL LTDA;61186136000122;0
0650 ÁPICE FREGUESIA RES CLUBE;14.452.433/0001-92;0
HOSPITAL MUNICIPAL SANTANA DE CARANDAI;19558782000107;0
COTABOX TECNOLOGIA E SOFTWARE LTDA - ME;24672820000198;0
VEIGA EQUIPAMENTOS DE ORDENHA;21545957000193;0
vestseller;07519426000103;0
foz;30259024000120;0
EXPRESSO MIRASSOL;52438082000154;0
Nordeste clima engenharia;13151025000138;0
CONDOMINIO VOG CANDEIAS RESIDENCE;10967260000194;0
lubeck;12984082000135;0
BRAZIL MARKET IMPORTACAO EXPORTACAO E COMERCIO LTDA;01422810000107;0
MUNICIPIO DE SANTO ANDRE;46522942000130;0
Teste Teste;43141019000160;0
LIDERA CONSULTORIA;10665585000112;0
Wam;25309101000170;0
SIDERQUIMICA INDUSTRIA E COMERCIO DE PRODUTOS QUIMICOS S.A;73586976000161;0
D S COSME CONFECCAO;18787496000150;0
SEED;76416965000121;0
MARCLEAN;24070544000198;0
RETALHAR COSTURANDO IDEIAS;21416009000158;0
SERVER QUIMICA;04900875000281;0
PR SEC GABINETE DO SECRETARIO;76416965000121;0
Barbosa Di Berardo;27947929000189;0
0646 COND. EDIF. RES. IDEALE MOOCA;12.984.106/0001-56;0
Editora Metha;47672399000110;0
ConectWi;15527632000185;0
Francisco;19620562000166;0
T4 SOLUTIONS;96491128000174;0
Senac;03709814003618;0
Alfa Livraria e papelaria ;09643905000154;0
TECMIX PERFORMANCE INDUSTRIAL ;28849930000133;0
SHOPPING CENTER ''D'';00087900000118;0
0655 EDIFICIO CAMPO BELO GOLDEN TOWER;02.340.353/0001-66;0
VICENZA PANIFICADORA E CONFEITARIA LTDA - ME;13246576000185;0
OPEN CONTROLS;27612193000198;0
Açaí Magnífico - Vila Romana;31268393000142;0
BIANCULLI & COSTA PRODUCOES E COMERCIO DE ELETRONICOS LTDA;22953003000182;0
Editora HTC;11803694000111;0
Casa de Repouso Mooca Bem Me Care;11983349000107;0
Tecnogera;08100057000174;0
Sesc Protásio Alves ;03575238000214;0
Conex;28560389000149;0
Pleno Fotografia ;19926271000109;0
casdf;79114651000162;0
1135 COND. EDIF. RIO TEJO;54.002.076/0001-85;0
Evool Tecnologia;24449177000138;0
Teste;83493095000150;0
PROJETA ENGENHARIA;12577657000103;0
Ferraz Group;48619905000170;0
MUNDIAL ATACADISTA;01713958000354;0
HARMONIA TERCEIRIZACOES;14874144000181;0
GIANNONE TRANSPORTES LTDA;08186591000145;0
FIT;21873863000143;0
RobsonRamosAbrao;15980718000169;0
CEAGESP - COMPANHIA DE ENTREPOSTOS E ARMAZENS GERAIS DE SAO PAULO;62463005000108;0
SENAI;03774819001761;0
SOLUFIRE SOLUCOES CONTRA INCENDIO;23149372000180;0
capsoft;44578031000108;0
Impermix;75058149000120;0
Jose;17616481000167;0
AMERICANA DESCARTAVEIS;05826245000196;0
Mercado Santa Rita;02522851000120;0
GLOBALPACK ;04558449000392;0
SOLID EQUIPAMENTOS;15086280000170;0
Cota;24672820000198;0
Gás tupo;44341493000107;0
EDITORA DCL;60444098000106;0
Plastok;08983806000159;0
Editora VestSeller;07519426000103;0
0952 CONDOMINIO MAXHAUS CELO;19.163.917/0001-35;0
Azuli;11121708000117;0
Quadrante Editora ;28806912000174;0
casa do game;04215707000176;0
ATM Asfaltos;27728911000196;0
Mackenzie;60967551000150;0
Piscina Fácil;10879917000161;0
LB SOLUÇÕES DE INFORMÁTICA E SUPRIMENTOS;30699504000102;0
HARMONIA TERCEIRIZACOES;14874144000181;0
MARIA DE FATIMA RODRIGUES DE ANDRADE TAMANINI;27850744000151;0
Restaurante Parada do Churrasco;28126521000109;0
COMPESA;09769035000164;0
GS SOUTO;04949655000161;0
HARMONIA TERCEIRIZACOES;14874144000181;0
H8;26650191000120;0
Low BBQ BAR;30400570000130;0
Grupo Vida Natural Hortalicas;11677480000146;0
HADASS;07967729000180;0
Lumav;30831828000152;0
Metropole;51889608000150;0
AAE COLÉGIO ESTADUAL HILKA DE ARAUJO PEÇANHA;01943611000136;0
AGROVEIGA - MATRIZ;56541287000111;0
EDITORA EUROPA;56934599000195;0
Kimberlit;61167060000198;0
Pangea trade;21830015000157;0
BASE FLUVIAL DE LADÁRIO;00394502005294;0
ULTRAFAR;07555491000186;0
Primer Construtora;27338798000132;0
Marinho Informatica;03032295000176;0
Não tenho;36609156000111;0
CODEMAR S.A.;20009382000121;0
COFIBAM ;43563840000175;0
Prefeitura de Poá;55021455000185;0
Five Hunt;77776541000130;0
Macacos Hidraulicos;02752182000182;0
Merc;88664448000150;0
Bar e lanchonete Dona Maria;14034415000190;0
WaM;25309101000170;0
BBM PORTO BRÁS;20423126000186;0
Dvicz Sorvetes;81073090000142;0
KURUMÁ VEÍCULOS;00827783000181;0
Worth a Million;25309101000170;0
TIQUATIRAO FRUTOS DO MAR;10858459000184;0
Gnova-XLAB ;09160240000128;0
Fogás;04563672000166;0
00960 - COND. EDIF. YANG BROOKLIN;24902212000122;0
SENAI;03774819001761;0
WYDE ENGENHARIA;05463902000188;0
IdGroup Brasil;05566268000109;0
SET SISTEMAS E PRODUTOS TECNICOS LTDA;00185372000130;0
Ecotech;12125717000149;0
Leozao Fantasia;05047198000182;0
AGUSTINE.CO;31078209000100;0
DIRETO DA SERRA;22102703000163;0
WS SOLUÇÕES INTEGRADAS ;32155410000106;0
Editora bambole;22622213000198;0
CJ Piramides;60281482000127;0
SPTURIS;62002886000160;0
MACKENZIE;60967551000150;0
Solutions;30563249000176;0
Aramacanb;57510760000166;0
aguia de ouro distribuidora de alimentos;25142346000155;0
ANDRA MATERIAIS ELÉTRICOS;47674429000128;0
Conflan;60520012000179;0
LOPES IMOBILIARIA;08078847000109;0
Gnova-Brasília ;09160240000128;0
White Martins;35820448009869;0
Gnova-PCom ;09160240000128;0
Escola Camb;27970269000157;0
EDITORA DCL;60444098000106;0
TAJ MAHAL;13307082000163;0
Shopping La Playa;03007996000155;0
GEMANTEC EMPILHADEIRAS;08060484000176;0
FARG SOLUÇÕES;18618294000185;0
ESCOLA DE INTELIGENCIA;11468719000178;0
Nativa Produtos Naturais;27866661000150;0
INTELIT;10682187000104;0
Valve Engenhari;26713385000128;0
718	CONDOMÍNIO PRAÇA MOOCA;-;0
707	COND. CONQUISTA JARDIM AMARALINA;33434857000179;0
Ewqoepqo;46418027000108;0
876 - CONJ. RES. MAURO E BRAIDO;59936112000100;0
Freitas Pozzatti Solucoes Imobiliarias;10823231000159;0
0910 - COND. EDIF. PARAISO;54219845000100;0
Gnova-BH ;09160240000128;0
asdasdasda;96417135000126;0
PREFEITURA MUNICIPAL DE PORTO ESTRELA;24740268000128;0
AGILLUX SOLUÇÕES ELÉTRICAS ;23488557000119;0
809 EDIFICIO RESIDENCIAL UPCON ITACEMA;-;0
TUPY;84683374000300;0
978 - COND. THE PLACE ED. - CANÁRIO E INHAMBU;13042127000115;0
torio brasil;07240707000114;0
WDK Roupas e Acessorios;31641081000132;0
989 - Conjunto Residencial Mirante da Lapa;59482653000105;0
Mackenzie;60967551000150;0
ENGEFORM DESENVOLVIMENTO IMOBILIARIO;16604261000150;0
983 - CONDOMÍNIO CAMPO BELO MEDICAL CENTER;08818926000109;0
HABITACIONAL COMERCIAL E ADMINISTRADORA LTDA;62309216000190;0
JAU;37344413000101;0
Si Senor - Sede Administrativa;10291637000138;0
ALLIED S/A;4416818005533;0
3CAFFI INDUSTRIA E COMERCIO DE CAPSULAS S.A ;19675900000167;0
ALLIED TECNOLOGIA S.A;20247322009012;0
teste empresa;45254854000158;0
Sesc;03591097000657;0
BLP;27402383000180;0
0294 - COND. EDIF. PARACATU;12.488.876/0001-08;0
RENAULT DO BRASIL;00913443000173;0
0959 - COND. EDIF. TAPAJÓS;00154437000180;0
VEPER SERVIÇOS DE VIGILANCIA;01848003000142;0
SUPPLY PLUS SOURCING & PROCUREMENT EXPERTS;22208624000131;0
999 CONDOMÍNIO RESIDENCIAL MOMA;33222322000134;0
0968 - CONDOMÍNIO EDIFÍCIO VILLA DEI FIORI;57866493000164;0
736 CONDOMÍNIO ANDORRA - EDIF. BILBAO;;0
703 CONDOMINIO LINK IPIRANGA;33551496000140;0
imprimindo;03927250000160;0
Gnova-Experience ;09160240000128;0
0967 - COND. EDIF. LIBER VILLAGE CAMPO LIMPO;19831898000178;0
3CORACOES NORTE COMERCIO DE PRODUTOS ALIMENTICIOS LTDA.;27774514000150;0
724 - Condomínio Resid. Lírio Morumbi;-;0
COREN - SP;44413680000140;0
0669 COND. EDIF. MY PLACE;15.675.369/0001-71;12
994 CONDOMÍNIO EDIFÍCIO LINO 748;-;0
Gnova-Conteudo & Video ;09160240000128;0
ALLIED TECNOLOGIA S.A.;20247322016736;0
904 - EDIF. COMERCIAL PRAXX ITATIBA;-;0
976 - CONDOMÍNIO TERRAVISTA VILAS;10802928000143;0
ALLIED TECNOLOGIA S.A.;20247322001380;0
0720 - COND. RESIDENCIAL PASSEIO MORUMBI;-;0
ALLIED TECNOLOGIA S.A.;20247322002786;0
0996 - Condomínio Edifício Palais Blanc;07480584000199;0
717	COND. EDIF. MOVVA SP;-;0
705	COND. EDF. CONQUISTA PARQUE HIPOLITO;35618108000127;0
ALLIED TECNOLOGIA S.A.;20247322007907;0
0984 - CONDOMINIO EDIFICIO JUPITER;10346275000135;0
716	COND. EDIF. VIVA VIDA FIGUEIRAS;-;0
975 - EDIFICIO MAISON D'AMBOISE;01398968000180;0
980 CONDOMÍNIO ROYAL ALTO DO IPIRANGA;-;0
ALLIED TECNOLOGIA S.A.;20247322011181;0
1161 - COND. EDIF. PEROLA;71731053000120;0
ALLIED TECNOLOGIA S.A.;20247322007664;0
982	CONDOMINIO EDIFICIO ORQUIDEAS;57184046000125;0
ALLIED TECNOLOGIA S.A.;20247322010886;0
981	CONDOMINIO EDIFICIO PLAZA JK;3815535000109;0
995 RESIDENCIAL VILA DO BOSQUE ITAPEVI;33889803000106;0
943 COND. EDIF. SIMONE;54459292000154;0
709	COND. EDIF. SOLAR DOS PALMARES;65088841000148;0
986 CONDOMÍNIO CONQUISTA VILA SÔNIA;33433710000164;0
708 COND. SIDE ATLÂNTICA;-;0
714	VIVAMAR - CONDOMINIO CANÁRIO;-;0
712	COND. EDIF. ADRIANA;55233191000123;0
ALLIED TECNOLOGIA S.A.;20247322008989;0
ALLIED TECNOLOGIA S.A.;20247322021225;0
706	VIVAMAR - CONDOMÍNIO BEM TE VI ;-;0
991 - CONDOMÍNIO 22 DE MARÇO;-;0
971 CONDOMINIO CLIMA DO BOSQUE;11880551000103;0
756 CONDOMÍNIO RESERVA DO ALTO;37681257000166;0
ALLIED S/A;4416818005029;0
ALLIED TECNOLOGIA S.A.;20247322006692;0
735 CONDOMINIO CITIZEN PAULISTA;-;0
ALLIED TECNOLOGIA S.A.;20247322011262;0
ALLIED S/A;4416818004308;0
ALLIED S/A.;4416818003247;0
979 COND. PRAÇA ESTAÇÃO JANDIRA;-;0
ALLIED TECNOLOGIA S.A.;20247322010703;0
ALLIED TECNOLOGIA S.A.;20247322008717;0
ALLIED TECNOLOGIA S.A.;20247322022620;0
972 EDIFICIO RG OSCAR;33031912000180;0
ALLIED S/A.;4416818005290;0
ALLIED S.A.;4416818000655;0
ALLIED TECNOLOGIA S.A.;20247322020504;0
988 - CONDOMINIO EDIFICIO MODULAR OMICRON;53833166000155;0
710 COND. LIVING WISH LAPA;-;0
998 CONDOMÍNIO SOL DA SAÚDE RESIDENCIAL;13163866000165;0
ALLIED TECNOLOGIA S.A.;20247322010614;0
ALLIED S/A.;4416818004308;0
ALLIED TECNOLOGIA S.A.;20247322022540;0
ALLIED TECNOLOGIA S.A.;20247322011424;0
723 - COND. EDIF. UPLIFE INTERLAGOS;-;0
ALLIED TECNOLOGIA S.A.;20247322008636;0
ALLIED TECNOLOGIA S.A.;20247322023783;0
ALLIED S.A.;4416818004057;0
ALLIED TECNOLOGIA S.A.;20247322008474;0
ALLIED TECNOLOGIA S.A.;20247322001119;0
733 VIVAMAR – CONDOMÍNIO SABIA;;0
ALLIED TECNOLOGIA S.A.;20247322022701;0
713	CONDOMÍNIO ANDORRA - EDIF. D'ORSAY;-;0
ALLIED TECNOLOGIA S.A.;20247322020768;0
ALLIED TECNOLOGIA S.A.;20247322023007;0
ALLIED S.A.;4416818005371;0
ALLIED TECNOLOGIA S.A.;20247322015250;0
990 - CONDOMÍNIO EDIFÍCIO ETRE PERDIZES;20092718000162;0
ALLIED TECNOLOGIA S.A.;20247322014105;0
ALLIED TECNOLOGIA S.A.;20247322001208;0
ALLIED TECNOLOGIA S.A.;20247322009365;0
ALLIED TECNOLOGIA S.A.;20247322021306;0
ALLIED TECNOLOGIA S.A.;20247322011343;0
ALLIED TECNOLOGIA S.A.;20247322009608;0
ALLIED TECNOLOGIA S.A.;20247322005963;0
ALLIED TECNOLOGIA S.A.;20247322008202;0
ALLIED TECNOLOGIA S.A.;20247322008393;0
ALLIED TECNOLOGIA S.A.;20247322004720;0
ALLIED TECNOLOGIA S.A.;20247322001208;0
ALLIED TECNOLOGIA S.A.;20247322006935;0
ALLIED TECNOLOGIA S.A.;20247322009446;0
992	ASSOCIAÇÃO PRAÇAS DA CIDADE;24568518000194;0
ALLIED TECNOLOGIA S.A.;20247322002433;0
ALLIED TECNOLOGIA S.A.;20247322015330;0
ALLIED TECNOLOGIA S.A.;20247322010290;0
ALLIED TECNOLOGIA S.A.;20247322017899;0
997 VILLA FELICITA BONSUCESSO;-;0
ALLIED TECNOLOGIA S.A.;20247322004134;0
ALLIED TECNOLOGIA S.A.;20247322009284;0
ALLIED TECNOLOGIA S.A.;20247322008717;0
ALLIED TECNOLOGIA S.A.;20247322004215;0
ALLIED TECNOLOGIA S.A.;20247322009799;0
ALLIED TECNOLOGIA S.A.;20247322023600;0
ALLIED S/A;4416818004057;0
ALLIED TECNOLOGIA S.A.;20247322010967;0
ALLIED TECNOLOGIA S.A.;20247322010371;0
ALLIED TECNOLOGIA S.A.;20247322007230;0
ALLIED TECNOLOGIA S.A.;20247322022973;0
ALLIED TECNOLOGIA S.A.;20247322007826;0
ALLIED TECNOLOGIA S.A.;20247322010100;0
ALLIED TECNOLOGIA S.A.;20247322020849;0
ALLIED TECNOLOGIA S.A.;20247322002352;0
ALLIED TECNOLOGIA S.A.;20247322003405;0
ALLIED TECNOLOGIA S.A.;20247322012404;0
ALLIED TECNOLOGIA S.A.;20247322012153;0
ALLIED TECNOLOGIA S.A.;20247322012072;0
ALLIED TECNOLOGIA S.A.;20247322011009;0
ALLIED TECNOLOGIA S.A.;20247322022892;0
ALLIED TECNOLOGIA S.A.;20247322001461;0
ALLIED TECNOLOGIA S.A.;20247322002271;0
ALLIED TECNOLOGIA S.A.;20247322023350;0
ALLIED TECNOLOGIA S.A.;20247322009101;0
ALLIED S/A.;4416818005029;0
ALLIED TECNOLOGIA S.A.;20247322012749;0
ALLIED TECNOLOGIA S.A.;20247322017708;0
ALLIED TECNOLOGIA S.A.;20247322003596;0
ALLIED TECNOLOGIA S.A.;20247322003162;0
ALLIED TECNOLOGIA S.A.;20247322011939;0
ALLIED TECNOLOGIA S.A.;20247322009950;0
ALLIED TECNOLOGIA S.A.;20247322000813;0
ALLIED TECNOLOGIA S.A.;20247322017465;0
ALLIED TECNOLOGIA S.A.;20247322012234;0
ALLIED TECNOLOGIA S.A.;20247322006420;0
ALLIED TECNOLOGIA S.A.;20247322007745;0
ALLIED TECNOLOGIA S.A.;20247322008040;0
ALLIED TECNOLOGIA S.A.;20247322013397;0
ALLIED TECNOLOGIA S.A.;20247322010533;0
ALLIED TECNOLOGIA S.A.;20247322012587;0
ALLIED TECNOLOGIA S.A.;20247322008806;0
ALLIED TECNOLOGIA S.A.;20247322012315;0
ALLIED TECNOLOGIA S.A.;20247322010029;0
ALLIED TECNOLOGIA S.A.;20247322006188;0
ALLIED TECNOLOGIA S.A.;20247322022205;0
ALLIED TECNOLOGIA S.A.;20247322000732;0
ALLIED TECNOLOGIA S.A.;20247322017546;0
ALLIED TECNOLOGIA S.A.;20247322016574;0
ALLIED TECNOLOGIA S.A.;20247322006773;0
ALLIED TECNOLOGIA S.A.;20247322009527;0
ALLIED TECNOLOGIA S.A.;20247322008555;0
ALLIED TECNOLOGIA S.A.;20247322001704;0
ALLIED TECNOLOGIA S.A.;20247322006269;0
ALLIED TECNOLOGIA S.A.;20247322000813;0
ALLIED TECNOLOGIA S.A.;20247322021063;0
ALLIED TECNOLOGIA S.A.;20247322016060;0
ALLIED TECNOLOGIA S.A.;20247322018518;0
ALLIED TECNOLOGIA S.A.;20247322017627;0
ALLIED TECNOLOGIA S.A.;20247322002514;0
ALLIED TECNOLOGIA S.A.;20247322011696;0
ALLIED TECNOLOGIA S.A.;20247322009870;0
ALLIED TECNOLOGIA S.A.;20247322016655;0
ALLIED TECNOLOGIA S.A.;20247322016140;0
ALLIED TECNOLOGIA S.A.;20247322011505;0
ALLIED TECNOLOGIA S.A.;20247322006854;0
ALLIED TECNOLOGIA S.A.;20247322002271;0
ALLIED TECNOLOGIA S.A.;20247322010452;0
ALLIED TECNOLOGIA S.A.;20247322007079;0
ALLIED TECNOLOGIA S.A.;20247322015845;0
ALLIED TECNOLOGIA S.A.;20247322019751;0
ALLIED TECNOLOGIA S.A.;20247322013206;0
ALLIED TECNOLOGIA S.A.;20247322018003;0
ALLIED TECNOLOGIA S.A.;20247322003596;0
ALLIED TECNOLOGIA S.A.;20247322015683;0
ALLIED TECNOLOGIA S.A.;20247322022388;0
ALLIED TECNOLOGIA S.A.;20247322011777;0
ALLIED TECNOLOGIA S.A.;20247322001623;0
ALLIED TECNOLOGIA S.A.;20247322008121;0
ALLIED TECNOLOGIA S.A.;20247322013800;0
ALLIED TECNOLOGIA S.A.;20247322017970;0
ALLIED TECNOLOGIA S.A.;20247322007150;0
ALLIED TECNOLOGIA S.A.;20247322017384;0
ALLIED TECNOLOGIA S.A.;20247322001038;0
ALLIED TECNOLOGIA S.A.;20247322005700;0
ALLIED TECNOLOGIA S.A.;20247322006340;0
ALLIED TECNOLOGIA S.A.;20247322012668;0
ALLIED TECNOLOGIA S.A.;20247322013982;0
ALLIED TECNOLOGIA S.A.;20247322015179;0
ALLIED TECNOLOGIA S.A.;20247322016817;0
ALLIED TECNOLOGIA S.A.;20247322000490;0
ALLIED TECNOLOGIA S.A.;20247322020091;0
ALLIED TECNOLOGIA S.A.;20247322007311;0
ALLIED TECNOLOGIA S.A.;20247322002867;0
ALLIED TECNOLOGIA S.A.;20247322015098;0
ALLIED TECNOLOGIA S.A. ;20247322021810;0
ALLIED TECNOLOGIA S.A.;20247322014369;0
ALLIED TECNOLOGIA S.A.   ;20247322021497;0
ALLIED TECNOLOGIA S.A.;20247322004568;0
ALLIED TECNOLOGIA S.A.;20247322002603;0
ALLIED TECNOLOGIA S.A.;20247322000228;0
ALLIED TECNOLOGIA S.A.;20247322007583;0
CAFÉ TRÊS CORAÇÕES S/A;17467515002738;0
ALLIED TECNOLOGIA S.A.;20247322003910;0
ALLIED TECNOLOGIA S.A.;20247322014440;0
ALLIED TECNOLOGIA S.A.;20247322001895;0
CAFÉ TRÊS CORAÇÕES S/A;17467515004609;0
ALLIED TECNOLOGIA S.A.;20247322004053;0
CAFÉ TRÊS CORAÇÕES S/A;17467515004277;0
ALLIED TECNOLOGIA S.A.;20247322014601;0
ASA BRANCA VI ENERGIAS RENOVAVEIS S.A;11694617000251;0
CAFÉ TRÊS CORAÇÕES S/A;17467515003700;0
ALLIED TECNOLOGIA S.A.;20247322018275;0
ALLIED TECNOLOGIA S.A.;20247322021730;0
COND. CAMINO TULIPA;20.817.543/0001-03;0
ALLIED TECNOLOGIA S.A.;20247322003324;0
CAFÉ TRÊS CORAÇÕES S/A;17467515003548;0
ALLIED TECNOLOGIA S.A.;20247322014873;0
ALLIEDS/A.;4416818004804;0
ALLIED TECNOLOGIA S.A.;20247322002948;0
ALLIED TECNOLOGIA S.A.;20247322019832;0
ALLIED TECNOLOGIA S.A.;20247322016493;0
ALLIED TECNOLOGIA S.A.;20247322021659;0
CAUV - Colégio Adventista União da Vitória - EIEF;76726884003496;0
COND. EDIF. BAHAMAS;54.964.002/0001-20;0
ALLIED TECNOLOGIA S.A.;20247322012749;0
ALLIED TECNOLOGIA S.A.;20247322017201;0
ASA BRANCA IV ENERGIAS RENOVAVEIS S.A;11681456000261;0
Bar e restaurante metrópole ltda;51889608000150;0
CAFÉ TRÊS CORAÇÕES S/A;17467515002657;0
CASJP - Colégio Adventista São José dos Pinhais - EIEFM;76726884005863;0
COND. COMPLEXO LEOPOLDO - SUBCOND ZENITH;20.195.261/0001-11;0
COND. EDIF. CAMPOBELLO OFFICE CENTER;01.126.230/0001-64;0
CAFETERIAS TRES CORACOES LTDA ;05560126000568;0
CAFETERIAS TRES CORACOES LTDA ;05560126000134;0
COND. EDIF.  ADOLPHO LUTZ;54.225.123/0001-50;0
CAFÉ TRÊS CORAÇÕES S/A;17467515004439;0
ALLIED TECNOLOGIA S.A.;20247322023864;0
ALLIED TECNOLOGIA SA;20247322005106;0
CAFÉ TRÊS CORAÇÕES S/A;17467515004439;0
CLASSIC CONDOMINIUM CLUB;07.961.602/0001-54;0
COND. EDIF. AIROSA;-;0
COND. EDIF.  ANDREA;54.072.558/0001-01;0
ALLIED TECNOLOGIA S.A.;20247322013125;0
COND. EDIF. CAMPOBELLO GARDEN HOUSE;66.056.474/0001-63;0
CAIEIRAS EMPREENDIMENTOS IMOBILIARIOS LTDA - FILIAL;26738688000367;0
ALLIED TECNOLOGIA S.A.;20247322021578;0
CHÁCARA DAS FLORES - EDIF. CAREME;53.835.344/0001-87;0
CONCURSOS PSI EMPREENDIMENTOS EDITORIAIS LTDA;17975878000145;0
COND. EDIF. GIARDINO DI CAPRI;55.797.898/0001-62;0
COND. EDIF. BLUE STAR;66.859.307/0001-50;0
ALLIED TECNOLOGIA SA;20247322005106;0
ALLIED TECNOLOGIA S.A.;20247322017112;0
COND. EDIF. ELIANE;54.223.433/0001-35;0
COND. EDIF. CARMO DO RIO VERDE;01.845.576/0001-12;0
COND. EDIF. KEY BISCAYNE;00.247.399/0001-00;0
COND. DOUBLE OFFICE SANTANA;22.276.743/0001-21;0
COND. EDIF. JURUÁ;17.714.094/0001-63;0
CAFÉ TRÊS CORAÇÕES S/A;17467515002819;0
COND. EDIF. AIMBERE;-;0
ARB SOLUCAO INDUSTRIAL;23365055000109;0
COND. EDIF. HIGIENOPOLIS BUSINESS CENTER;01.066.069/0001-80;0
COND. EDIF. BROOKLIN TO LIVE;13.513.443/0001-28;0
BERTOLUCCI E CIA LTDA – ME;06923561000220;0
ALLIED TECNOLOGIA S.A.;20247322021144;0
ASA BRANCA VII ENERGIAS RENOVAVEIS S.A;11694618000204;0
CAFÉ TRÊS CORAÇÕES S/A;17467515003386;0
B2W COMPANHIA DIGITAL;00776574000660;0
CAFÉ TRÊS CORAÇÕES S/A;17467515004510;0
COND. EDIF. CAMPO BELO WORK CENTER;01.641.269/0001-10;0
CAMPO LIMPO TAMPAS E RESINAS PLASTICAS LTDA;19890579000133;0
COMERCIAL AUTOMOTIVA S.A.;45987005000198;0
COND. EDIF. CORTINA D AMPEZZO;59.396.630/0001-70;0
COND. EDIF. ILHA DE IF;04.181.551/0001-50;0
CAFETERIAS TRES CORACOES LTDA ;05560126000649;0
COND. EDIF. EDEN ROC;02.444.654/0001-30;0
COND. EDIF. EQUIPAGE;53.831.996/0001-43;0
ASSOC DO EDIFICIO  MAJOR QUEDINHO;14.784.017/0001-91;0
COND. ALAMEDA COTEGIPE;20.309.349/0001-17;0
CAMPO LIMPO - RECICLAGEM E TRANSFORMACAO DE PLASTICOS S.A.;09456668000201;0
ALLIED TECNOLOGIA S.A.   ;20247322022469;0
COND. EDIF. ITAUBA;00.314.878/0001-00;0
COND. EDIF. DIAMOND PLACE;56.098.783/0001-42;0
COND. EDIF. GUATAN;74.077.298/0001-74;0
ALLIED TECNOLOGIA S.A.;20247322016221;0
ALLIED TECNOLOGIA S.A.;20247322021900;0
CAFETERIAS TRES CORACOES LTDA ;05560126000720;0
COND. EDIF. FRAGATA;54.069.240/0001-71;0
COND. EDIF. MORUMBI FREE LIFE;64.035.058/0001-53;0
ALLIEDTECNOLOGIA S.A.;20247322018437;0
COND. EDIF. ITABORAÍ;61.062.121/0001-52;0
CAFÉ TRÊS CORAÇÕES S/A;17467515004358;0
COND. EDIF. LE BEAU CHAMP;03.111.186/0001-44;0
BOULEVARD DO PARQUE;15.243.726/0001-22;0
COND. EDIF. CHÁCARA DAS FLORES;53.835.344/0001-87;0
COND. EDIF. CONDE DE OXFORD;71.738.512/0001-06;0
B.blend Máquinas e Bebidas S.A - Sete Lagoas;22172203000289;0
COND. EDIF. ITABORAÍ;61.062.121/0001-52;0
COND. EDIF. FIRST PLACE;65.030.413/0001-64;0
COND. EDIF. NEW CLASSIC BUSINESS CENTER;00.615.429/0001-93;0
CAFÉ TRÊS CORAÇÕES S/A;17467515001685;0
COND. EDIF. LUCIANA;54.030.986/0001-71;0
B.blend máquinas e bebidas S.A;22172203000521;0
COND. EDIF. IMMAGINATO CASA VERDE;24.658.971/0001-91;0
CAFÉ TRÊS CORAÇÕES S/A;17467515000101;0
COND. EDIF. LEBLON;62.578.000/0001-20;0
COND. EDIF. AMPLAVISÃO - PENDÊNCIAS;67.184.556/0001-56;0
COND. EDIF. BELAS ARTES;61.572.061/0001-18;0
COND. EDIF. UNIVERSUM;54.198.577/0001-89;0
COND. EDIF. SAO JUDAS PARK;02.446.969/0001-16;0
COND. EDIF. ARARUAMA;96.478.102/0001-96;0
COND. EDIF. PLAZA WORK CENTER;00.770.142/0001-38;0
COND. EDIF. AMPLAVISÃO;67.184.556/0001-56;0
COND. EDIF. LONDONDERRY; 00.156.982/0001-05;0
COND. EDIF. VILA ADRIANO/SAVOY;58.105.263/0001-45;0
COND. EDIF. MAISON DE LILLE;54.072.368/0001-94;0
COND. EDIF. LONG CHAMPS;54.224.241/0001-43;0
COND. EDIF. SAMAMBAIA;59.485.953/0001-30;0
COND. EDIF. ANA PAULA;54.457.809/0001-76;0
COND. EDIF. BROOKLIN SELF PROJECT;05.461.222/0001-25;0
COND. EDIF. LE BEAU CHAMP;03.111.186/0001-44;0
COND. EDIF. PRINCE OF EDINBURGH;01.278.413/0001-03;0
COND. EDIF. ARARUAMA;96.478.102/0001-96;0
COND. EDIF. MY JOY;26.461.080/0001-76;0
CAFÉ TRÊS CORAÇÕES S/A;17467515002908;0
COND. EDIF. CARNAUBEIRAS;02.032.002/0001-98;0
CAFÉ TRÊS CORAÇÕES S/A;17467515003114;0
COND. EDIF. WINTER PARK;03.135.904/0001-12;0
COND. EDIF. BUTANTA;71.928.402/0001-07;0
COND. EDIF. THE GABLES;00.240.953/0001-27;0
COND. EDIF. JARDIM DAS ORQUIDEAS;55.383.996/0001-53;0
COND. EDIF. LUA DE SETIN;62.580.733/0001-08;0
COND. EDIF. MANSAO CAVIUNA;67.988.287/0001-80;0
COND. EDIF. PAJUÇARA;57.861.502/0001-24;0
COND. LIBER BOSQUE DOS JEQUITIBAS;18.310.568/0001-74;0
COND. EDIF.CONJ. COM. PERDIZES TOWER;03.487.315/0001-01;0
COND. EDIF. PAÇO DE TOLEDO;38.885.224/0001-09;0
COND. EDIF. MAISON DE LILLE - OBRAS;54.072.368/0001-94;0
COND. EDIF. MAISON COTE D'AZUR;53.827.515/0001-26;0
COND. EDIF. PAULISTA SUL;04.974.653/0001-22;0
COND. EDIF. NATALIE;55.382.329/0001-56;0
COND. EDIF. PAÇO DA MATTA;54.199.708/0001-42;0
COND. EDIF. NEW ORLEANS;54.062.302/0001-13;0
COND. EDIF. ROSENGARTEN;03.787.303/0001-94;0
COND. EDIF. LUA DE SETIN;62.580.733/0001-08;0
COND. EDIF. ROYAL MORUMBI;60.536.083/0001-60;0
COND. EDIF. SAO JOAO;54.641.725/0001-98;0
COND. EDIF. PIAZZA FLORENCA;02.163.891/0001-22;0
COND. EDIFICIO VIDA VIVA PARQUE SANTANA;13.172.018/0001-12;0
COND. EDIF. MAISON DE LILLE;54.072.368/0001-94;0
COND. EDIF. GUARACIARA;56.567.431/0001-99;0
COND. EDIF. SILVER TOWER;03.198.040/0001-88;0
COND. EDIF. PREDILETTO;10.322.018/0001-63;0
COND. TORRES DO IBIRAPUERA;68.483.650/0001-79;0
COND. EDIF. SAN FRANCISCO;58.005.372/0001-90;0
COND. LE QUARTIER MOEMA;07.286.143/0001-50;0
COND. EDIF. MAISON COTE D'AZUR;53.827.515/0001-26;0
COND. EDIF. MAISON LIEGE;67.008.557/0001-40;0
COND. EDIF. VILLA BRUNO GIORGI;00.420.592/0001-09;0
CHÁCARA DAS FLORES - EDIF.  FLAMBOYANT;53.835.344/0001-87;0
COND. EDIF. JARDIM DAS ORQUIDEAS;55.383.996/0001-53;0
COND. EDIFÍCIOS OURO PRETO E MARIANA;64.030.919/0001-00;0
CHÁCARA DAS FLORES - EDIF. BOUGAINVILLE;53.835.344/0001-87;0
COND.EDIF. PARQUE DAS ACACIAS;54.068.655/0001-20;0
COND. EDIF. MONTE OLIMPO;00.409.791/0001-08;0
CONDOMINIO EDIFICIO VISAGE;10.545.498/0001-21;0
COND. EDIF. E GALERIAS SÃO BENTO;53.823.555/0001-08;0
COND. EDIF. SOLAR DOS ARRUDAS;53.828.794/0001-42;0
COND. EDIF. TWIN TOWERS THE DUPLEX;03.226.759/0001-85;0
COND. EDIF. LONG CHAMPS;54.224.241/0001-43;0
COND.EDIF. EAST BROOKLIN;68.481.688/0001-02;0
COND. EDIF. JARDINS DE BROOKLIN;55.382.386/0001-35;0
COND. EDIF. PORTO CERVO;06.242.500/0001-16;0
COND. EDIF. LUCIANA;54.030.986/0001-71;0
COND. EDIF. ITAMARACA;62.026.273/0001-62;0
COND. EDIF. SAINT GERMAIN;00.929.205/0001-56;0
COND. EDIF. PORTAL MARAJOARA;03.729.528/0001-94;0
COND. EDIF. MAISON LIEGE;67.008.557/0001-40;0
COND. EDIF. MAISON MONT SERRAT;54.209.226/0001-26;0
COND. EDIF. MAISON DE LILLE - OBRAS;54.072.368/0001-94;0
CONDOMINIO EDIFICIO OASIS CURSINO;20.891.731/0001-81;0
COND. EDIF. PORT CHESTER;55.951.388/0001-06;0
COND. EDIF. WORK CENTER 5;04.459.604/0001-51;0
COND. ORVALHO GRANJA VIANA;11.979.466/0001-05;0
COND. EDIF. VILA D´ESTE;56.319.890/0001-53;0
COND.EDIF. MAISON PLATINE;69.293.025/0001-27;0
COND. VILA BOUGANVILLE;04.264.907/0001-19;0
COND.EDIF. IMPERIAL TOWER;59.485.797/0001-07;0
COND. EDIF. MANSAO LA FONTAINE;59.480.905/0001-59;0
COND. VILA BOUGANVILLE;04.264.907/0001-19;0
COND.EDIF. GAR MAJOR QUEDINHO;61.053.575/0001-67;0
COND. EDIF. THE PARLIAMENT;10.272.850/0001-00;0
COND. QUARTIER LATIN;54.223.441/0001-81;0
COND. MORADA KLABIN;00.847.280/0001-78;0
CONDOMÍNIO EDIFÍCIO DESIGN CAMPO BELO;20.816.338/0001-23;0
COND.EDIF. MIRANTE TROPICAL;02.408.977/0001-78;0
CONDOMÍNIO RESIDENCIAL RAÍZES MORUMBI;23.941.270/0001-00;0
Cerradinho Logistica Ltda;09457708000140;0
Cerradinho Bioenerg. S.A. - 0002-86;08322396000286;0
CONDOMÍNIO VILLAGE PAINEIRAS;03.074.949/0001-24;0
COND.EDIF. TRASTEVERE;54.322.789/0001-26;0
COND. EDIF. SONATTA;13.286.101/0001-12;0
CONDOMINIO EDIFICIO GRIFFE EMPRESARIAL;61.408.076/0001-45;0
Cerradinho Particip. S.A - 0001-11;11196718000111;0
Cerradinho Particip. S.A - 0002-00;11196718000200;0
CONDOMINIO LAVANDISCA;22.346.419/0001-32;0
COND. EDIF. VILAGGIO IMPERIALE;02.632.849/0001-03;0
COND.EDIF. BERRINI LAVRA;00.786.295/0001-73;0
COND.EDIF. PARQUE DAS ACACIAS;54.068.655/0001-20;0
CONDOMINIO LINK OFFICES;25.139.003/0001-31;0
COND. NOVA MOOCA;08.987.317/0001-75;0
COND. EDIF. QUADRIFOGLIO;64.016.074/0001-07;0
COND. EDIF. STELVIO MAZZA;03.327.537/0001-59;0
Condominio Residencial Le Soleil;14.487.188/0001-59;0
COND.EDIF. PIAZZA DI SPAGNA;69.272.631/0001-66;0
COND. RES. OLIMPIA SPECIAL SPACE;18.384.863/0001-75;0
COND.EDIF. PALACIO ESCORIAL;65.518.839/0001-61;0
COND. QUARTIER LATIN;54.223.441/0001-81;0
COND.EDIF. GAR MAJOR QUEDINHO;61.053.575/0001-67;0
COND. EDIF. STAR SYSTEM;67.631.341/0001-36;0
COND. RES. OLIMPIA SPECIAL SPACE;18.384.863/0001-75;0
COND.EDIF. INAJA;02.521.527/0001-97;0
Condomínio Das Brisas;09032447000117;0
COND. EDIF. THE REGENT FLAT SERVICE;57.857.682/0001-70;0
COND. PALMA DE MALLORCA;04.233.922/0001-08;0
CONDOMINIO EDIFICIO ANAPURUS;54.003.470/0001-38;0
CONDOMINIO IBIRAPUERA CENTRAL PARK;54.069.729/0001-43;0
CONDOMINIO QUARTIER CAMPO BELO;28.937.984/0001-50;0
CONDOMINIO. RESERVA ATLANTICA;04.932.830/0001-08;0
CONDOMINIO SUPREMO;14.072.790/0001-25;0
COND. EDIF. VIVIEN TEREZA;54.462.171/0001-61;0
CONDOMINIO RESIDENCIAL VILA HIPICA;10.217.165/0001-73;0
CONJ. RES. SOLAR DA BOA VISTA;57.009.615/0001-04;0
Condomínio Barata Primo;33706811000161;0
COND.EDIF. PARQUE DOS JERIVAS;64.724.156/0001-06;0
COND. EDIF. SIMONE;54.459.292/0001-54;0
CONDOMINIO IBIRAPUERA CENTRAL PARK;54.069.729/0001-43;0
Condomínio Edificio Barão de Araras;54465679000113;0
Cidade Maravilhosa Industria e Comercio de Roupas LTDA;09611669000860;0
COND. RES. OLIMPIA SPECIAL SPACE;18.384.863/0001-75;0
Condomínio Edifício Arquiteto Vilanova Artigas;10.953.300/0001-49;0
COND. LIBER BOSQUE DOS BURITIS;18.328.750/0001-52;0
CONDOMINIO LAVANDISCA;22.346.419/0001-32;0
CONDOMINIO EDIFICIO GUARAVAI;54.198.973/0001-06;0
CONDOMINIO VERONA;10.466.618/0001-03;0
CONDOMÍNIO GREEN PARK;03.470.475/0001-30;0
Condomínio Edifício Residencial Giardino;14.606.753/0001-50;0
CONDOMINIO EDIFICIO RIO JURUA;00523435000110;0
CONJUNTO RESIDENCIAL VILLAGE DI TORINO;01.674.958/0001-20;0
COND. RESID. NATUREZA CLUBE MORUMBI;-;0
CONDOMINIO EDIFICIO FARIA LIMA FINANCIAL CENTER;05778098000126;1
CONDOMÍNIO  MERIDIANI;57.859.795/0001-05;0
COND. VITA SÃO MIGUEL;22.954.210/0001-51;0
CONJUNTO RESIDENCIAL VILLAGE DI TORINO;01.674.958/0001-20;0
CONDOMINIO COLINAS DO SUMARE;01056124000151;0
Condomínio Conjunto Residencial Parque Ibirapuera;54.365.051/0001-46;0
Condomínio Edificio Itaparica;55233845000119;0
CONDOMINIO CLUBLIFE MORUMBI SOLE;17.822.114/0001-10;0
CONDOMINIO STATION OFFICES SAUDE;20.487.655/0001-43;0
Condomínio Montpellier;06115712000132;0
CONDOMINIO EDIFICIO VISAGE;10.545.498/0001-21;0
CONDOMINIO LINK STUDIOS;25.139.003/0001-31;0
Condominio Edificio Monte Haramon;54070206000117;0
Condomínio Edificio Residencial Rafael Sanzio;37305218000164;0
Condomínio Bauhaus;40281016000134;0
CONDOMINIO EDIFICIO GUARAVAI;54.198.973/0001-06;0
Condomínio Residence Milan;36631868000137;0
Condomínio Flamboyant Garden;01351371000180;0
Condomínio Edifício Estoril;02098552000100;0
Condomínio Edifício Jardim d'Abril;56.346.034.0001-97;0
Condomínio Aladim;32365231000195;0
Condomínio Edifício Lindóia;97.332.928/0001-05;0
CONDOMINIO EDIFICIO MATISSE;67.985.580/0001-94;0
Condomínio Solar dos Coqueiros;40276859000142;0
Condomínio Edifício Place Vendome;54.200.894/0001-92;0
CONDOMINIO VERONA;10.466.618/0001-03;0
Cittá América;20247322022540;0
Condomínio Edifício Segundo;57999211000105;0
Condomínio Edifício Itapoa;58.795.634/0001-68;0
Condominio Residencial Refugio Cantagalo ii;12380452000125;0
CONDOMÍNIO MUSTIQUE;07.570.184/0001-74;0
CONDOMÍNIO HYDE PARK;27194202000178;0
COND.EDIF. PALACIO ESCORIAL;65.518.839/0001-61;0
Condomínio Uirapuru;06301604000154;0
CONSTANTINA EMPREENDIMENTOS IMOBILIARIOS LTDA - FILIAL;27467586000236;0
CONDOMÍNIO GREEN PARK;03.470.475/0001-30;0
CONDOMÍNIO EDIFÍCIO DESIGN CAMPO BELO;20.816.338/0001-23;0
Cotax;38184154000153;0
Condomínio Via Alto Mapendi Reserva;24107966000190;0
Condomínio Barão de Jaceguai;02137466000169;0
Condomínio Poliana;66865387000157;0
Condomínio Edifício Montecatin;00746755000130;0
Condomínio Edifício JRS;10.424.300/0001-51;0
Condomínio Barra de Itaúna; 05486968000193;0
Condomínio Sunrise Residence Service;07404555000148;0
Condomínio Edifício São Silvestre;67.634.154/0001-06;0
D030-ANANINDEUA;51427102003063;0
Condomínio Edifício Dom Pedro;67.142.224/0001-09;0
Condomínio Edifício Irlanda;54.490.099/0001-86;0
Condomínio Edificio Parque Villa Lobos;05220498000111;0
Condomínio Edifico Anajá;61062394000105;0
D729-JABOATAO DOS GUARARAPES;;0
D042-VÁRZEA GRANDE;51427102005279;0
Condomínio Cardoso;07025815000174;0
Condomínio Edifício Modulor Tangram;65.085.797/0001-12;0
Condomínio Perobas IV ;02908537000180;0
Condomínio Inhangá;02731639000172;0
D015-GOIÂNIA;51427102001524;0
Condomínio Edifício Villagio Di Firenze;38.893.129/0001-49;0
Condomínio Alegrete;00069292000119;0
CONDOMÍNIO RESIDENCIAL RAÍZES MORUMBI;23.941.270/0001-00;0
EDIF. PERSONA PARAISO;12.102.970/0001-87;0
Condomínio Residencial Tulipas ;26220275000124;0
Condomínio Edifício Con Il Cuore;27.581.429/0001-76;0
Downtown - Bloco 14 (Sala 303 e 304);20247322022892;0
Condomínio Edifício Santorini;24464171000130;0
D064-CONTAGEM;51427102006402;0
Condomínio Vila Bela;30871244000100;0
Condomínio Les Palais;14711455000120;0
CONDOMINIO EDIFICIO ANAPURUS;54.003.470/0001-38;0
D156-CARAPICUÍBA;51427102015665;0
Condomínio Pax;00811482000160;0
Condomínio Premiere;18486470000172;0
D003-RIO DE JANEIRO;51427102000390;0
EDIFÍCIO VILLA BORGHESE;00.988.375/0001-01;0
Condomínio Edifício Tom Jobim;04.891.862/0001-02;0
EDIFICIO RESIDENCIAL UPTOWN AROUCHE;22.711.033/0001-82;0
EDIFICIOS LOUISVILLE E NASHVILLE;02.973.373/0001-74;0
DUCOCO ALIMENTOS S/A - ESPIRITO SANTO - EMPRESA 56;63460299000187;0
D112-SÃO JOSÉ;51427102011244;0
Condomínio Edifício Real;58926122000193;0
DUCOCO PRODUTOS ALIMENTICIOS S/A - CEARA - EMPRESA 02;09426032000128;0
Condominio Perobas IV;02908537000180;0
D032-MANAUS;51427102003225;0
Condomínio Maripá; 01749673000101;0
D275 - VÁRZEA GRANDE;51427102027590;0
D014-FORTALEZA;51427102000471;0
Condomínio Edifício Renata;59.936.104/0001-55;0
Condomínio Studios Vila Santa Catarina;18.905.404.0001-90;0
Condomínio Solar Uberaba;39083191000138;0
EL CAMINO FOODS S.A.;10291637000723;0
EDIFÍCIO  JANETTE;54.219.951/0001-85;0
EDIFÍCIO VILLA BORGHESE;00.988.375/0001-01;0
Condomínio Edifício Real Parque V;24.585.179/0001-54;0
EL CAMINO FOODS S.A.;10291637002424;0
Condomínio Residencial Ilha de Boaçava;62.024.997/0001-77;0
Condomínio Sundance;07554010000118;0
D381-PORTO VELHO;51427102038100;0
D779-GOIANIA;;0
EL CAMINO FOODS S.A.;10291637002696;0
D431-RECIFE;51427102043103;0
D016-BRASÍLIA;51427102001605;0
Fornecedor 2;11563878000151;0
EDIFICIOS LOUISVILLE E NASHVILLE;02.973.373/0001-74;0
Condomínio Residencial Priori Juquiá;29641864000174;0
D020-CAMPO GRANDE;51427102002091;0
D768-BRASILIA;;0
Condomínio Jamele;21347184000130;0
EL CAMINO FOODS S.A.;10291637002181;0
EL CAMINO FOODS S.A.;10291637000219;0
DISTRIBUIDORA MEDEIROS LTDA;08474030000141;0
Hydronorth S/A;01618551000348;0
DELGA INDÚSTRIA E COMÉRCIO S.A.;61532198000149;0
DIST.DE BANANAS TOCANTINS ;23254706000185;0
EL CAMINO FOODS S.A.;10291637002262;0
EL CAMINO FOODS S.A.;10291637002505;0
D111-JABOATÃO DOS GUARARAPES;51427102011163;0
EL CAMINO FOODS S.A.;10291637000995;0
EL CAMINO FOODS S.A.;10291637000804;0
D082-TABOÃO DA SERRA;51427102008294;0
EL CAMINO FOODS S.A.;10291637001533;0
EL CAMINO FOODS S.A.;10291637001290;0
D009-SALVADOR;51427102000986;0
EDIFÍCIO  WIDE VIEW;15.542.059/0001-89;0
INSTITUTO ECOAR PARA A CIDADANIA;69108124000191;0
K013-TB-LAB REP K7S TBF CAMPIN;51427102001362;0
D271-GRAVATAÍ;51427102027167;0
EMPORIO VILA MADALENA EIRELI;43108885000150;0
EL CAMINO FOODS S.A.;10291637002343;0
K004-TB-LAB REP K7S TBF S MATE;51427102000471;0
GAFISA SQUARE SANTO AMARO F1 L1 - EASY;25.982.838/0001-59;0
D733-MANAUS;;0
IRMAOS BIRCHAL CENTRO AUTOMOTIVO LTDA;08599266000104;0
EL CAMINO FOODS S.A.;10291637001967;0
Condomínio Guarujá;00058815000121;0
DIRECIONAL ENGENHARIA S/A - MATRIZ;16614075000100;0
EL CAMINO FOODS S.A.;10291637001703;0
Fogás - Nova Cidade;4563672002029;0
Condomínio Ritz;01405043000110;0
D038-SÃO JOSÉ DOS PINHAIS;51427102003810;0
Fogás - Japiim;04563672002100;0
Condomínio Palazzo do Maracanã;21241656000176;0
K002-TB-LAB REP K7S TBF CURITI;51427102000200;0
EDIF. VICTORIA TOWER RESIDENCIAL;73.518.490/0001-96;0
EL CAMINO FOODS S.A.;10291637002939;0
EL CAMINO FOODS S.A.;10291637002009;0
Downtown - Bloco 15;20247322022620;0
Edifício Upside View Residence;36.116.239/0001-79;0
FM IMPRESSOS PERSONALIZADOS LTDA.;13555994000154;0
Fornecedor 1;58533667000130;0
EDIF. HLI - 120;10.633.042/0001-13;0
EDIF. VILLAGIO ARANDU;09.076.849/0001-13;0
EL CAMINO FOODS S.A.;10291637000642;0
K381-TB-LAB REP K7 TBF PRT VEL;51427102038100;0
KADUA BAR E PARTICIPACOES EIRELI;23020248000110;0
João Corona Corretora de Seguros Eireli;33333671000123;0
EDIF. MAISON SAINT VALERY;00.520.111/0001-29;0
Hugo Franco de Campos Apoio Administrativo;35576108000101;0
D296-CDR MACAPÁ;51427102029615;0
EDIFICIO ITAIM OFFICE BUILDING;07.093.326/0001-50;0
EDIFICIO MAISON CHAMPS-ELISEES;54.064.787/0001-84;0
K191-TB-LAB REP K7S TBF PETROL;51427102019148;0
HCJ32 INDUSTRIA GRAFICA EIRELI;01775456000196;0
EL CAMINO FOODS S.A.;10291637002939;0
Fogás - Santarém;04563672000590;0
EL CAMINO FOODS S.A.;10291637000480;0
K088-TB-LAB REP K7S TBF C.GRAN;51427102008880;0
P296-MACAPÁ;51427102029615;0
ODONTOPREV S.A.;58119199000151;0
EL CAMINO FOODS S.A.;10291637001100;0
K011-TB-LAB REP K7S TBF RECIFE;51427102001109;0
N.L. SILVA NILMARIZ IMPLEMENTOS PARA GRUPOS GERADORES - EIRELI ;02120931000159;0
K047-TB-LAB REP K7S TBF BAURU;51427102004701;0
P017-SÃO JOSÉ DOS CAMPOS;51427102001796;0
K010-TB-LAB REP K7S TBF SANTOS;51427102001010;0
Focus Plan Engenharia, Planejamento, Logística e Construção Ltda.;08.342.015/0001-40;0
OLIMPIC CONDOMINIUM RESORT;10.407.827/0001-78;0
EL CAMINO FOODS S.A.;10291637002858;0
EDIFICIO RESIDENCIAL UPTOWN AROUCHE;22.711.033/0001-82;0
MOBCOM TECNOLOGIA LTDA;28453048000255;0
EL CAMINO FOODS S.A.;10291637001371;0
EL CAMINO FOODS S.A.;10291637000308;0
FUNDAÇÃO CESP;62465117000106;0
K027-TB-LAB REP K7S TBF NATAL;51427102002768;0
EDIFÍCIO MAISON DE VERSAILLES;56.710.221/0001-08;0
ITAGIBA & FILHO PRODUTOS NATURAIS LTDA;28860274000170;0
DECORLAZER DECORACAO E BRINQUEDOS LTDA - EPP;11878151000163;0
PEDRA AGROINDUSTRIAL S/A;71304687000105;0
PEDRA AGROINDUSTRIAL S/A;71304687001845;0
KEEPEE SERVICOS DE MANUTENCAO LTDA;18973806000121;0
K160-TB-LAB REP K7S TBF SERRA;51427102016041;0
Hydronorth S/A;01618551000429;0
K051-TB-LAB REP K7 TBF P.PRUDE;51427102005198;0
Fogás - Macapá;4563672001804;0
K086-TB-LAB REP K7S TBF V.CONQ;51427102008618;0
Fogás - Porto Velho;04563672000409;0
JAGUAFRANGOS INDUSTRIA E COMERCIO DE ALIMENTOS LTDA;85090033000122;0
F2SB MARKETING LTDA;13562187000169;0
K068-CENTRO DESATIVADO;51427102006836;0
GALBA VIEIRA CORDEIRO JUNIOR ;94458278649;0
HEATING COOLING;44124899000120;0
Fogás - Cuiabá;04563672001995;0
Empresa Brasileira de Comunicação Produção Ltda;09160240000128;0
Fogás - Rio Branco;04563672000751;0
HELBOR HOME FLEX MOEMA;05.878.263/0001-11;0
RESIDENCIAL TOWN HOUSE MORUMBY;09.400.497/0001-00;0
RESIDENCIAL CONTEMPLARE;16.628.064/0001-71;0
Máquinas Agrícolas Jacto S.A.;55064562000190;0
SCIENCE TRADUCOES LTDA;12889195000151;0
FABRICA DE BARES PARTICIPACOES LTDA;20297400000118;0
K067-TB-LAB REP K7S TBF TERESI;51427102006755;0
TB-ACAILANDIA;51427102071492;0
GRAND CLUB COND JARDIM BOTANICO;21.196.764/0001-74;0
Hyster-Yale Brasil Empilhadeiras Ltda;57014896000185;0
Edificio Silvia;00263256000191;0
SERVIÇO NACIONAL DE APRENDIZAGEM COMERCIAL - SENAC MINAS;03447242000116;0
IDEA CONDOMINIUM;28.737.795/0001-34;0
Fogás - Boa Vista;04563672001219;0
TB-ABREU E LIMA;51427102017366;0
Hydronorth S/A;01618551000267;0
K296-TB-LAB REP K7S TBF MACAPA;51427102029615;0
MOOCA CONDOMINIUM CLUB;12.360.173/0001-08;0
K017-TB-LAB REP K7S TBF SJCAMP;51427102001796;0
SOLARES DE CIDADE JARDIM - VILA AMÉRICA;07.301.163/0001-53;0
TB-AGUAS DE LINDOIA;51427102027914;0
TB-ALAGOINHAS;51427102032322;0
Fornecedor 3;65378282000100;0
K003-TB-LAB REP K7S TBF RJ;51427102000390;0
K020-TB-LAB REP K7S TBF CPGRAN;51427102002091;0
P010-SANTOS;51427102001010;0
JY DIAS GUIMARAES CONSULTORIA LTDA.;18618294000185;0
TB-ARACARIGUAMA;51427102055020;0
K006-TB-LAB REP K7S TBF P.ALEG;51427102000633;0
TB-ALVORADA;51427102015908;0
N A PEÇANHA MERCADO ONLINE;31656026000116;0
L004-TB-LAB REP K7S TBF CONG;09262608000401;0
K009-TB-LAB REP K7S TBF SSA;51427102000986;0
EXTINSANT EQUIPAMENTOS DE COMBATE A INCENDIO LTDA;55861942000156;0
K037-TB-LAB REP K7S TBF ARACAJ;51427102003730;0
TB-APARECIDA DE GOIANIA;51427102012720;0
K023-TB-LAB REP K7S TBF LONDRI;51427102002334;0
NOVUS DO BRASIL COMERCIO E IMPORTACAO LTDA;66659863000183;0
M004-TB-LAB REP K7S TBF LIMÃO;09262608000169;0
TB-ARARANGUA;51427102075994;0
MALHARIA ANSELMI LTDA;90005307000178;0
K026-TB-LAB REP K7S TBF MACEIO;51427102002687;0
NWT - NEW WORKER TOWER;21113760000185;0
P636-SÃO PAULO;51427102063635;0
TB-AGUAS LINDAS DE GOIAS;51427102033566;0
K223-TB-LAB REP K7S TBF ITABUN;;0
Plant CN01;;0
OLIMPIC CONDOMINIUM RESORT;10.407.827/0001-78;0
Senai Pirituba;03774819000102;1
M. Abuhab Participações;03204024000150;0
TB-AQUIDAUANA;51427102066731;0
SEDE - Instituição Adventista Sul Brasileira de Educação ;76726884012053;0
TB-ARACATI;51427102066901;0
SANTO EXPEDITO COMERCIO DE ALIMENTOS LTDA;39829732000124;0
TB-ARAGUAINA;51427102039505;0
TB-APARECIDA;51427102011406;0
Ramos;20247322023783;0
PRINCIPAL COMERCIO E INDUSTRIA DE CAFE LTDA ;30740773000175;0
RESIDENCIAL CONTEMPLARE;16.628.064/0001-71;0
TB-BARBACENA;51427102036158;0
TB-APUCARANA;51427102053591;0
TB-BARRA DOS GARÇAS;51427102066227;0
TB-BARRA MANSA;51427102009851;0
Neomille S.A.;47062997000178;0
TB-ARAPIRACA;51427102041747;0
TB-BASE OPERACIONAL CBW;51427102007808;0
P052-EMBU DAS ARTES;51427102005279;0
MOBCOM TECNOLOGIA LTDA;28453048000174;0
TB-ARROIO DO SAL;51427102075560;0
TB-ARARAS;51427102030621;0
TB-AMPARO;51427102045068;0
TB-BASE OPERACIONAL BAU;51427102004701;0
Secretaria de Estado da Saúde - COMP;08597121000174;0
TB-AVARE;51427102064879;0
K438-TB-LAB REP K7S TBF PARNAI;51427102043871;0
TB-BALSAS;51427102072383;0
PRUMO PARTICIPACOES LTDA;31562935000195;0
TB-BIGUAÇU;51427102057660;0
K031-TB-LAB REP K7S TBF SOROCA;51427102003144;0
TB-ALUMINIO;51427102065506;0
Residencial Grevilia;05.914.485/0001-42;0
SOLUCON EIRELI ;00484974000198;0
POSITIVE BRANDS INDUSTRIA E COMERCIO DE ALIMENTOS SAUDAVEIS S.A.;33795393000126;0
Suyane Maselle Abreu e Coelho EIRELI;20299613000189;0
PagSeguro Internet S/A;08561701000101;0
SUMAYA GISELLE A. COELLHO ;06090892000145;0
TB-ATIBAIA;51427102013964;0
TB-BARRA DE SAO MIGUEL;51427102048679;0
TB-BARRETOS;51427102022793;0
TB-BRUSQUE;51427102059794;0
TB-BOITUVA;51427102060962;0
TB-CABREUVA;51427102033132;0
TB-BEBERIBE;51427102057155;0
TB-BOM JESUS DOS PERDOES;51427102057317;0
TB-BELFORD ROXO;51427102013611;0
TB-BENEVIDES;51427102058046;0
TB-BERTIOGA;51427102014340;0
Saquarema;9344031000991;0
TB-ANAPOLIS;51427102016394;0
TB-BARRA DO PIRAI;51427102021630;0
TB-ANCHIETA;51427102038363;0
TB-AMERICANA;51427102007212;0
TB-CACHOEIRAS DE MACACU;51427102031199;0
TB-ARROIO DO MEIO;51427102076370;0
TB-BARCARENA;51427102067118;0
TB-ARAXA;51427102034295;0
TB-BAURU;51427102004701;0
TB-CACHOEIRINHA;51427102015070;0
TB-CAIEIRAS;51427102023927;0
TB-CABEDELO;;0
TB-BASE OPERACIONAL JPA;51427102002849;0
TB-ARACOIABA DA SERRA;51427102054300;0
TB-ARAUCARIA;51427102048407;0
TB-BAYEUX;51427102027833;0
TB-ALEXANIA;51427102056779;0
TB-ARARUAMA;51427102017790;0
TB-ARAGUARI;51427102034104;0
SPERANZINI SERVIÇOS E COMERCIO ;12593881000180;0
TB-BETIM;51427102012569;0
POSITIVE BRANDS INDUSTRIA E COMERCIO DE ALIMENTOS SAUDAVEIS S.A.;33795393000207;0
TB-BARUERI;51427102021800;0
TB-ALMIRANTE TAMANDARE;;0
TB-CAMPO BOM;51427102044177;0
TB-BARAO DE COCAIS;51427102046706;0
Soudi Pagamentos Ltda.;34639888000129;0
TB-CANDEIAS;51427102019814;0
TB-BASE OPERACIONAL FLN;51427102002172;0
TB-AMONTADA;51427102074327;0
Secob Serviços e Comércio de Bombas LTDA;10726999000104;0
PEDRA AGROINDUSTRIAL S/A;71304687002817;0
TB-ADAMANTINA;51427102065840;0
TB-ARACATUBA;51427102006321;0
TB-BALNEARIO CAMBORIU;51427102007808;0
Saquarema - Matriz;20247322022973;0
TB-BARREIRAS;51427102031784;0
TB-BARBALHA;51427102054210;0
TB-ANGRA DOS REIS;51427102009428;0
São Paulo;9344031000720;0
TB-ARMACAO DOS BUZIOS;51427102017609;0
TB-ARTUR NOGUEIRA;51427102049721;0
TB-AGUAS DE SÃO PEDRO;51427102058631;0
TB-BATURITE;51427102074750;0
TB-BARRA BONITA;;0
TB-CANAA DOS CARAJAS ;51427102062825;0
TB-AGUAS DE LINDOIA;;0
TB-BARUERI;51427102004035;0
TB-BASE OPERACIONAL VDR;51427102006674;0
TB-ANDRADINA;51427102056345;0
TB-BASE OPERACIONAL UDI;51427102002920;0
TB-ALMIRANTE TAMANDARE;51427102071573;0
TB-CASIMIRO DE ABREU;51427102029291;0
TB-CACHOEIRA DO SUL;51427102033485;0
TB-BASE OPERACIONAL CGB;51427102004205;0
TB-ARUJA;51427102028058;0
TB-ARACRUZ;51427102029020;0
TB-BALNEARIO PINHAL;51427102041585;0
TB-BRAGANCA PAULISTA;51427102013883;0
TB-ARARAQUARA;51427102005511;0
TB-BENTO GONÇALVES;51427102061853;0
TB-BEBEDOURO;51427102025032;0
TB-BASE OPERACIONAL DOU;51427102037472;0
TB-BIRITIBA-MIRIM;51427102039092;0
TB-CONCHAL;51427102067460;0
TB-CAPAO DA CANOA;51427102037200;0
TB-ARACAJU;51427102003730;0
TB-BARREIRA;51427102077342;0
TB-CANOINHAS;51427102076290;0
TB-BASE OPERACIONAL ROI;51427102027400;0
TB-BASE OPERACIONAL CPS;51427102008537;0
TB-CARAGUATATUBA;51427102014006;0
TB-BASE OPERACIONAL LDB;51427102002334;0
TB-ANANINDEUA;51427102043529;0
TB-BATATAIS;51427102057236;0
TB-CORUMBA;51427102047192;0
TB-BASE OPERACIONAL AJU;51427102003730;0
TB-BAURU;51427102047516;0
TB-ARRAIAL DO CABO;51427102020901;0
TB-CAMPO LIMPO PAULISTA;51427102020405;0
TB-BROTAS;51427102047435;0
TB-BOM JESUS DOS PERDOES;;0
TB-CASTRO;51427102062663;0
TB-CAETE;51427102044096;0
TB-BARRA DOS COQUEIROS;51427102070178;0
TB-BOA VISTA;51427102037553;0
TB-AQUIRAZ;51427102050304;0
TB-ASSIS;51427102026780;0
TB-BIRIGUI;51427102057406;0
TB-FAZENDA RIO GRANDE;51427102027329;0
TB-CAMPINA GRANDE DO SUL;51427102048830;0
TB-CATU;51427102052609;0
TB-COLATINA;51427102021207;0
TB-BAGE;51427102073940;0
TB-BOTUCATU;51427102011082;0
TB-BOM JARDIM;51427102060024;0
TB-CAJAMAR;51427102025202;0
TB-CARAPICUIBA;51427102015665;0
TB-DIVINOPOLIS;51427102035933;0
TB-CARUARU;51427102019229;0
TB-CAMACARI;51427102013530;0
TB-CANINDE;51427102074246;0
TB-CAMARAGIBE;51427102019067;0
TB-CATAGUASES;51427102060881;0
TB-CACONDE;51427102048083;0
TB-CONCEICAO DE MACABU;51427102040694;0
TB-CANOAS;51427102007301;0
TB-CAMBE;51427102060377;0
TB-BASE OPERACIONAL JDF;51427102005007;0
TB-CAMPOS DO JORDAO;51427102026942;0
TB-CACHOEIRO DE ITAPEMIRIM;51427102014421;0
TB-BREJO SANTO;51427102072111;0
TB-CANELA;51427102062078;0
TB-CACAPAVA;51427102013298;0
TB-CABO DE SANTO AGOSTINHO;51427102025113;0
TB-BRUMADINHO;51427102077776;0
TB-BLUMENAU;51427102002253;0
TB-CARIACICA;51427102011759;0
TB-COLINA;;0
TB-DIAS D AVILA;51427102023170;0
TB-CAMPO LARGO;51427102055454;0
TB-CASCAVEL;51427102059956;0
TB-CAXIAS DO SUL;51427102004540;0
TB-CACHOEIRA;51427102059875;0
TB-CAPIVARI;51427102065336;0
TB-EUSEBIO;51427102036743;0
TB-ESTEIO;51427102025466;0
TB-CONCHAS;51427102065093;0
TB-BALNEÁRIO RINCÃO;51427102072707;0
TB-BRUMADINHO;51427102044681;0
TB-COLOMBO;51427102027248;0
TB-CORDEIROPOLIS;51427102057074;0
TB-COSMOPOLIS;51427102038282;0
TB-EMBU;51427102024303;0
TB-CORONEL FABRICIANO;51427102035429;0
TB-CAMACARI;;0
TB-CASCAVEL;51427102050142;0
TB-CRICIUMA;51427102036905;0
TB-CONCORDIA;51427102071069;0
TB-CHARQUEADAS;51427102065689;0
TB-DOURADOS;51427102037472;0
TB-DIADEMA;51427102004469;0
TB-CHAPECO;51427102036824;0
TB-GASPAR;51427102075218;0
TB-GOVERNADOR VALADARES;51427102010000;0
TB-FEIRA DE SANTANA;51427102006160;0
TB-CAARAPO;51427102061349;0
TB-GARIBALDI;51427102072545;0
TB-ELDORADO DO SUL;51427102041666;0
TB-FORQUILHA;51427102074408;0
TB-EMBU-GUACU;51427102024494;0
TB-CONSELHEIRO LAFAIETE;51427102035852;0
TB-GARUVA;51427102076109;0
TB-CALDAS NOVAS;51427102033051;0
TB-CESARIO LANGE;51427102071140;0
TB-CIDREIRA;51427102037120;0
TB-CURVELO;51427102074912;0
TB-GRAVATA;;0
TB-CRAVINHOS;51427102047354;0
TB-GOIANAPOLIS;51427102050223;0
TB-CAXIAS;51427102070925;0
TB-EUNAPOLIS;51427102022440;0
TB-GOIANIRA;51427102052781;0
TB-CAMPO MOURAO;51427102046544;0
TB-ESTANCIA VELHA;51427102044258;0
TB-ESTANCIA;51427102074831;0
TB-ENTRE RIOS ;51427102063392;0
TB-ITABUNA;51427102022360;0
TB-CATANDUVA;51427102030036;0
TB-CONTAGEM;51427102006402;0
TB-CAMPOS DOS GOYTACAZES;51427102008537;0
TB-CAMPINA GRANDE;51427102008880;0
TB-CRUZ ALTA;51427102075307;0
TB-CD REG VITÓRIA;51427102016041;0
TB-FRANCA;51427102011910;0
TB-FERNANDOPOLIS;51427102052862;0
TB-ICONHA;;0
TB-ITAPARICA;51427102019903;0
TB-CUIABA;51427102004205;0
TB-DOMINGO MARTINS;51427102078071;0
TB-FARROUPILHA;51427102072464;0
TB-HORTOLANDIA;51427102028139;0
TB-CAUCAIA;51427102024222;0
TB-IGARACU DO TIETE;51427102054059;0
TB-FRANCISCO MORATO;51427102024575;0
TB-CIDADE OCIDENTAL;51427102044843;0
TB-CUBATAO;51427102011678;0
IBIS LIBRIS;09238097000140;1
TB-CRUZEIRO;51427102029704;0
TB-IRACEMAPOLIS;51427102067380;0
TB-GUAIRA;51427102049306;0
TB-IMBE;51427102037391;0
TB-JARAGUA DO SUL;51427102026519;0
TB-ESCADA;51427102070330;0
TB-FOZ DO IGUACU;51427102003497;0
TB-INDAIATUBA;51427102014502;0
TB-DUQUE DE CAXIAS;51427102007727;0
TB-FUNDAO;;0
TB-GUARATINGUETA;51427102015312;0
TB-IRANDUBA;51427102055969;0
TB-GARANHUNS;51427102053400;0
TB-ITABIRITO;51427102047869;0
TB-FERNANDO DE NORONHA;51427102025385;0
TB-ITATIBA;51427102015746;0
TB-GUAPIMIRIM;51427102024818;0
TB-FORMIGA;51427102056264;0
TB-FORMOSA;51427102033213;0
TB-FRANCO DA ROCHA;51427102024141;0
TB-ITAITINGA;51427102047940;0
TB-GRAMADO;51427102061934;0
TB-JABOATAO DOS GUARARAPES;51427102072979;0
TB-FUNDAO;51427102030117;0
TB-GRAVATA;51427102053168;0
TB-JARU;51427102067207;0
TB-GUARAPUAVA;51427102061420;0
TB-HOLAMBRA;51427102049993;0
TB-ITAPERUNA;51427102031008;0
TB-FERRAZ DE VASCONCELOS;51427102023501;0
TB-CONFINS;51427102035771;0
TB-IMBITUBA;51427102056507;0
TB-IJUI;51427102077008;0
TB-EXTREMOZ;51427102057821;0
TB-IMPERATRIZ;51427102040260;0
TB-LINDOIA;51427102071816;0
TB-CRATO;51427102051203;0
TB-JOINVILLE;51427102004116;0
TB-IGUABA GRANDE;51427102035690;0
TB-HORIZONTE;51427102053834;0
TB-IBIRACU;51427102048326;0
TB-GUAIBA;51427102026861;0
TB-LEOPOLDINA;51427102062400;0
TB-JOAO MONLEVADE;51427102041909;0
TB-GRAVATAI;51427102027167;0
TB-JATAI;51427102061004;0
TB-JEQUIE;51427102039840;0
TB-JUQUITIBA;51427102041232;0
TB-JABOATAO DOS GUARARAPES;51427102011163;0
TB-JI-PARANÁ;51427102066308;0
TB-IBITINGA;51427102054563;0
TB-ITUPEVA;51427102011597;0
TB-IGREJINHA;51427102061772;0
TB-ITAGUAI;51427102015231;0
TB-ITAPISSUMA;51427102039416;0
TB-IBIUNA;51427102047273;0
TB-GUARUJA;51427102004892;0
TB-JARINU;51427102047605;0
TB-GUARAPARI;51427102007999;0
TB-INGA;51427102061500;0
TB-ILHEUS;51427102010515;0
TB-ITAITINGA;51427102064607;0
TB-MACAPA;51427102029615;0
TB-ITAJUBA;51427102034023;0
TB-IGUATU;51427102073274;0
TB-ITABORAI;51427102015584;0
TB-ITAPOLIS;;0
TB-IPOJUCA;51427102019652;0
TB-ITACOATIARA;51427102071654;0
TB-LARANJAL PAULISTA;51427102066650;0
TB-ITANHAEM;51427102014855;0
TB-JUNDIAI;51427102003578;0
TB-ITIRAPINA;51427102071905;0
TB-LUIS EDUARDO MAGALHAES;51427102059522;0
TB-LAGOA DA PRATA;;0
TB-MARANGUAPE;;0
TB-IBIPORA;51427102058208;0
TB-ITUVERAVA;51427102045653;0
TB-ITAPECERICA DA SERRA;51427102020316;0
TB-JAGUARIUNA;51427102042557;0
TB-ITABIRA;51427102035003;0
TB-JACAREI;51427102009185;0
TB-JAPERI;51427102023331;0
TB-JACOBINA;51427102032160;0
TB-JOANOPOLIS;51427102071735;0
TB-GUARAREMA;51427102040422;0
TB-ITAPIRA;51427102037987;0
TB-ITAUNA;;0
TB-JABOTICATUBAS;51427102064011;0
TB-ITACARE;51427102053320;0
TB-LUZIANIA;51427102032756;0
TB-IGARASSU;51427102021126;0
TB-JUAZEIRO;51427102032241;0
TB-ITAPIPOCA;51427102065921;0
TB-LAURO DE FREITAS;51427102012801;0
TB-MIGUEL PEREIRA;51427102051629;0
TB-IGARAPE;51427102046897;0
TB-IBIRITE;51427102035348;0
TB-IGARATA;51427102040503;0
TB-MONTE MOR;51427102042476;0
TB-MORRO AGUDO;51427102063716;0
Fogás - MATRIZ;04563672000166;1
TB-LINS;51427102023765;0
TB-ILHA DE ITAMARACA;;0
TB-IPATINGA;51427102018923;0
TB-ITAPEMA;51427102060296;0
TB-JUAZEIRO DO NORTE;51427102010604;0
TB-IBATE;51427102055292;0
TB-MARABA;51427102051700;0
TB-GOIANA;51427102064100;0
TB-MATA DE SAO JOAO;51427102032080;0
TB-MARIO CAMPOS;51427102056698;0
TB-ITU;51427102010434;0
TB-JANDIRA;51427102026004;0
TB-JOAO NEIVA;51427102053753;0
TB-ITUIUTABA;51427102063988;0
TB-ITAPEVI;51427102028562;0
TB-ITATIAIA;51427102017528;0
TB-ITAJAI;51427102012488;0
TB-JAU;51427102026195;0
TB-NITEROI;51427102006089;0
TB-NILOPOLIS;51427102009509;0
TB-ILHA SOLTEIRA;51427102045734;0
TB-NOVA FRIBURGO;51427102005783;0
TB-MIRASSOL;51427102045491;0
TB-MACAE;51427102012216;0
TB-IÇARA;51427102056426;0
TB-MADRE DE DEUS;51427102053087;0
TB-MONGAGUA;51427102019571;0
TB-MARANGUAPE;;0
TB-PACAJUS;;0
TB-MATOZINHOS;51427102059107;0
TB-PACO DO LUMAR;;0
TB-ITAPEMIRIM;51427102037715;0
TB-JARDIM;51427102077423;0
TB-PARAOPEBA;;0
TB-MONTE ALEGRE DE MINAS;51427102075803;0
TB-JABOTICABAL;51427102050061;0
TB-MONTES CLAROS;51427102009770;0
TB-MARATAIZES;51427102028996;0
TV SBT;45039237000114;1
TB-ITAPETININGA;51427102023684;0
TB-MANHUACU;51427102062582;0
TB-LAGUNA;51427102062744;0
TB-MAIRIPORA;51427102022106;0
TB-NOVA IGUACU;51427102007565;0
TB-NOVO HAMBURGO;51427102005430;0
TB-JOAO PESSOA;51427102002849;0
TB-MOGI MIRIM;51427102042980;0
TB-MOGI DAS CRUZES;51427102009347;0
TB-PARANAVAI;51427102058470;0
TB-MARANGUAPE;51427102061691;0
TB-LOUVEIRA;51427102041402;0
TB-OLIMPIA;51427102045220;0
TB-MANGARATIBA;51427102023412;0
TB-NOVA PETROPOLIS;51427102064364;0
TB-OLINDA;51427102006593;0
TB-ITAQUAQUECETUBA;51427102013700;0
TB-MARITUBA;51427102058127;0
TB-MAIRINQUE;;0
TB-LONDRINA;51427102002334;0
TB-ORLANDIA;51427102038525;0
TB-JALES;;0
TB-PAULISTA;51427102013379;0
TB-PARAUAPEBAS;51427102049055;0
TB-PATOS DE MINAS;51427102034708;0
TB-LAGES;51427102045904;0
TB-JUIZ DE FORA;51427102005007;0
TB-LIMEIRA;51427102011830;0
TB-PACATUBA;51427102048911;0
TB-MANAUS;51427102073355;0
TB-NOVO GAMA;51427102033302;0
TB-LORENA;51427102043014;0
TB-MARACANAU;51427102021398;0
TB-LIMOEIRO DO NORTE ;51427102063040;0
TB-MESQUITA;51427102018419;0
TB-NAVIRAI;51427102067894;0
TB-PAROBE;51427102044339;0
TB-PASSO FUNDO;51427102017870;0
TB-PARNAMIRIM;51427102022955;0
TB-PALMAS;51427102026276;0
TB-PARIQUERA-AÇU;51427102065255;0
TB-PARAGUACU PAULISTA;51427102046463;0
TB-MORENO;51427102075722;0
TB-PASSOS;51427102043286;0
TB-PORTO FERREIRA;51427102038878;0
TB-MAGE;51427102018176;0
TB-MONTENEGRO;51427102046200;0
TB-PIEDADE;51427102062310;0
TB-LEME;51427102039173;0
TB-OSASCO;51427102003659;0
TB-OURO PRETO;51427102063473;0
TB-MARILIA;51427102012305;0
TB-MOGI-GUACU;51427102029968;0
TB-PARACAMBI;51427102021045;0
TB-MARINGA;51427102002415;0
TB-MARECHAL DEODORO;51427102029887;0
TB-PIRAQUARA;51427102060709;0
TB-PEDRO LEOPOLDO;51427102035500;0
TB-PLANALTINA;51427102032918;0
TB-PENAPOLIS ;51427102063201;0
TB-MAUA;51427102007484;0
TB-PELOTAS;51427102005864;0
TB-PIRACICABA;51427102004388;0
TB-MACEIO;;0
TB-PINDORETAMA;;0
TB-PINHEIRAL;51427102041828;0
TB-NOVA ODESSA;;0
TB-PATY DO ALFERES;51427102051548;0
TB-PEREIRAS;51427102066570;0
TB-LINHARES;51427102029100;0
TB-PARANAGUA;51427102048598;0
TB-RESPLENDOR;51427102070410;0
TB-MARICA;51427102017447;0
TB-MACAIBA;;0
TB-PINHAIS;51427102010787;0
TB-LAGOA SANTA;51427102036239;0
TB-LENÇOIS PAULISTA;51427102056930;0
TB-POUSO ALEGRE;51427102035267;0
TB-MATÃO;51427102055373;0
TB-PADRE BERNARDO;51427102050738;0
TB-PIRAPORA DO BOM JESUS;51427102065417;0
TB-RIO DE JANEIRO;51427102073002;0
TB-NOVA VENECIA;51427102059018;0
TB-PALMARES DO SUL;51427102046110;0
TB-POSTO LOG AVANÇADA CWB;51427102000200;0
TB-NOVA ODESSA;51427102058984;0
TB-PACO DO LUMIAR;51427102040180;0
TB-PORTAO;51427102045149;0
TB-NEROPOLIS;51427102049217;0
TB-QUATIS;51427102056000;0
TB-SANTA MARIA;51427102008456;0
TB-PRESIDENTE PRUDENTE;51427102005198;0
TB-RIO VERDE;51427102047788;0
TB-SANTA CRUZ DO SUL;51427102037634;0
TB-QUIXADÁ;51427102074599;0
TB-PALHOÇA;51427102077504;0
TB-QUEIMADOS;51427102017285;0
TB-ORLANDIA;;0
TB-RIO CLARO;51427102013107;0
TB-RIO BONITO;51427102018095;0
TB-PINDORETAMA;;0
TB-RIO NEGRO;;0
TB-PINDAMONHANGABA;51427102028309;0
TB-QUISSAMA;51427102067975;0
TB-SANTANA DE PARNAIBA;51427102062230;0
TB-MISSAO VELHA;51427102075641;0
TB-SANTA RITA;51427102052358;0
TB-MURIAE;51427102060539;0
TB-SANTA RITA DO SAPUCAI;51427102066065;0
TB-PINHALZINHO;51427102065174;0
TB-NOVA SERRANA;51427102042123;0
TB-PARA DE MINAS;51427102071220;0
TB-RIO DAS PEDRAS;51427102058712;0
TB-PIRASSUNUNGA;51427102038797;0
TB-PATOS;51427102061187;0
TB-NAZARÉ PAULISTA;51427102073193;0
TB-PARATI;51427102019490;0
TB-POJUCA;51427102050495;0
TB-PAULINIA;51427102025709;0
TB-NOSSA SENHORA DO SOCORRO;51427102020073;0
TB-QUATRO BARRAS;51427102061268;0
TB-PIRAI;51427102016556;0
TB-SAO JOAQUIM DA BARRA;;0
TB-SALTINHO;51427102076702;0
TB-S SEBASTIAO DA BELA VISTA;51427102059603;0
TB-PIUMA;51427102030460;0
TB-MARIANA;51427102034619;0
TB-PARA DE MINAS;;0
TB-POA;51427102018338;0
TB-NOVA LIMA;51427102024907;0
TB-OURINHOS;51427102022874;0
TB-PRAIA GRANDE;51427102008022;0
TB-SANTA BARBARA D'OESTE;51427102015827;0
TB-SAQUAREMA;51427102024737;0
TB-PENHA;51427102064526;0
TB-SAO LEOPOLDO;51427102012992;0
TB-MOSSORO;51427102021479;0
TB-SAO SEBASTIAO;51427102000714;0
TB-RIO GRANDE;51427102016475;0
TB-PORTO FELIZ;51427102049802;0
TB-PORTO VELHO;51427102038100;0
TB-PATROCINIO;51427102048245;0
TB-SAPUCAIA DO SUL;51427102031512;0
TB-SAO JOSE;51427102011244;0
TB-SANTO ANTONIO DE POSSE;51427102048164;0
TB-SOMBRIO;51427102072626;0
TB-PERUIBE;51427102014774;0
TB-SANTO ANDRE;51427102028724;0
TB-SAO FIDELIS;51427102051467;0
TB-ROSEIRA;51427102025628;0
TB-SAO CAETANO DO SUL;51427102028643;0
TB-PETROPOLIS;51427102001281;0
TB-RIBEIRAO PIRES;51427102014189;0
TB-PETROLINA;51427102019148;0
TB-PONTA GROSSA;51427102012640;0
TB-RIO CLARO;51427102058399;0
TB-SANTA CRUZ CABRALIA;51427102052943;0
TB-RIO DAS OSTRAS;51427102026357;0
TB-RESENDE;51427102010353;0
TB-REDENCAO;;0
TB-SAO JOAO DE MERITI;51427102011325;0
TB-SANTANA DO LIVRAMENTO;51427102074165;0
TB-POSTO LOG AVANÇADA CBF;51427102005350;0
TB-PORTO SEGURO;51427102018680;0
TB-PACAJUS;51427102053915;0
TB-PARNAIBA;51427102043871;0
TB-SAO JOSE DOS PINHAIS;51427102003810;0
TB-SARZEDO;51427102054482;0
TB-RIBEIRAO DAS NEVES;51427102047001;0
TB-SAO VICENTE;51427102025970;0
TB-SOCORRO;51427102064798;0
TB-RECIFE;51427102043103;0
TB-POCOS DE CALDAS;51427102009690;0
TB-SAO JOAO DA BOA VISTA;51427102049136;0
TB-PONTAL DO PARANA;51427102046382;0
TB-SAO JOAO DA BARRA;51427102072898;0
TB-TERESOPOLIS;51427102008103;0
TB-SAO GONCALO DO AMARANTE;51427102055616;0
TB-PORTO REAL;51427102064283;0
TB-QUELUZ;;0
CONDOMINIO JATOBA;08919536000117;1
TB-SALGUEIRO;51427102059280;0
TB-POSTO LOG AVANÇADA CPQ;51427102001362;0
TB-SAO JOSE DO RIBAMAR;51427102040341;0
TB-SANTO ANTONIO DO PINHAL;51427102054997;0
TB-PARACURU;51427102067703;0
TB-SAO JOSE DO RIO PARDO;51427102051890;0
TB-SANTANA DE PARNAIBA;51427102013026;0
TB-SALTO;51427102032594;0
TB-PONTA PORA;51427102041313;0
TB-RONDONOPOLIS;51427102027400;0
TB-RIO BRANCO;51427102038010;0
TB-STO ANTONIO DO DESCOBERTO;51427102044924;0
TB-TRES COROAS;51427102076613;0
TB-SOORETAMA;51427102063805;0
TB-RIO LARGO;51427102042638;0
0296 - EDIF. RESID. PRAXX ITATIBA;-;1
TB-SANTA ISABEL;51427102024656;0
TB-SERRA NEGRA;51427102054806;0
TB-SANTA ISABEL DO PARA;51427102057902;0
TB-SAO GONCALO DO AMARANTE;51427102041070;0
TB-RIO GRANDE DA SERRA;51427102043367;0
TB-SANTO ANTONIO DE JESUS;51427102026438;0
TB-SÃO GONÇALO DOS CAMPOS;51427102062159;0
TB-SANTA CRUZ DO CAPIBARIBE;51427102051114;0
TB-SANTA BARBARA DO PARA;51427102059441;0
TB-TAQUARITINGA;51427102046625;0
TB-SOBRAL;51427102017013;0
TB-TRES CACHOEIRAS;51427102076451;0
TB-SAO JOSE DO RIO PRETO;51427102001877;0
967 - CONDOMÍNIO BKO WAVE SÁUDE;31815397000101;1
TB-UBA;51427102050908;0
TB-SAO LOURENCO DA SERRA;51427102038606;0
TB-SILVA JARDIM;51427102060105;0
TB-SÃO GONÇALO DO RIO ABAIXO;51427102072200;0
TB-PANAMBI;51427102076966;0
TB-REGISTRO;51427102027086;0
TB-TABOAO DA SERRA;51427102008294;0
TB-TEUTONIA;51427102075480;0
TB-SANTO AMARO;51427102031946;0
TB-PONTE NOVA;51427102066146;0
TB-VAZANTE;51427102075056;0
TB-SANTA BARBARA;51427102060458;0
TB-PINDORETAMA ;51427102062906;0
TB-TATUI;51427102031350;0
TB-SÃO PEDRO;51427102064950;0
TB-SANTO ANGELO;51427102066499;0
TB-SÃO MIGUEL DOS CAMPOS;;0
TB-SANTO ANTONIO DA PATRULHA;51427102073517;0
TB-TEIXEIRA DE FREITAS;51427102039920;0
TB-TRAMANDAI;;0
TB-TRÊS CORAÇÕES;51427102066812;0
TB-SANTANA DO ACARAU;;0
TB-VARGEM GRANDE PAULISTA;;0
TB-SENADOR CANEDO;51427102044762;0
TB-SETE LAGOAS;51427102035186;0
TB-SAO JOAO DEL REI;51427102071301;0
TB-TAUBATE;51427102009266;0
TB-SAO BERNARDO DO CAMPO;51427102014936;0
TB-SANTA LUZIA;51427102027671;0
TB-VARZEA GRANDE;51427102027590;0
TB-SANTAREM;51427102051386;0
TB-SÃO FRANCISCO DE ITABAPOANA;51427102070682;0
TB-SANTO ANTONIO DE PADUA;51427102077695;0
ALLIED TECNOLOGIA S.A;20247322011858;1
TB-SAO GONCALO;51427102007646;0
TB-SAO ROQUE;51427102052277;0
TB-VALPARAISO DE GOIAS;51427102021711;0
TB-SAO LUIS;51427102003306;0
TB-TOLEDO;51427102057740;0
TB-SÃO PAULO;51427102029453;0
TB-SUZANO;51427102015150;0
TB-SAO CRISTOVAO;51427102025890;0
TB-VALENCA;51427102016637;0
TB-SÃO PAULO - TB VALORES;51427102037804;0
TB-SAO CARLOS;51427102012054;0
TB-SEROPEDICA;51427102029372;0
TB-SAO PEDRO DA ALDEIA;51427102018257;0
TB-SANTA CRUZ DO RIO PARDO;51427102058550;0
TB-URUGUAIANA;51427102073860;0
TB-VIAMAO;51427102023250;0
TB-VINHEDO;51427102019300;0
TB-SAPIRANGA;51427102046030;0
TB-SERRA;51427102016041;0
TB-VILA VELHA;51427102006836;0
TB-SIMOES FILHO;51427102019733;0
TB-VESPASIANO;51427102033809;0
TB-SUMARE;51427102017951;0
TB-TEOFILO OTONI;51427102060610;0
TB-SINOP;51427102041151;0
TB-SAO MATEUS;51427102023099;0
TB-TBFORTE RIO;51427102032403;0
TB-TIETE;51427102056850;0
TB-TRINDADE;51427102032837;0
TB-SABARA;51427102034961;0
TB-TUBARAO;51427102037049;0
TB-SÃO PAULO - LOGISTICA;51427102063635;0
TB-UNIDADE OPERACIONAL MAO;51427102003225;0
TB-VALENCA;;0
TB-SÃO FRANCISCO DE PAULA;51427102076532;0
TB-TRES RIOS;51427102030974;0
TB-UBERABA;51427102008707;0
TB-UNIDADE OPERACIONAL GYN;51427102001524;0
TB-TIMON;51427102043600;0
TB-TORRES;51427102064445;0
TBN-CAMPINAS;02954620001248;0
TB-UBATUBA;51427102014260;0
TRÊS CORACÕES ALIMENTOS S.A.;63310411003208;0
TB-TRES LAGOAS;51427102059280;0
TB-XANGRI-LA;51427102065760;0
TB-VIANA;51427102040775;0
TB-TIBAU DO SUL;51427102040856;0
TB-SÃO PAULO - TB VALORES;51427102029534;0
TB-TANGUA;51427102031270;0
TVDA PARTICIPAÇÕES 1 S.A.;18854326000141;0
TB-SÃO FRANCISCO DO CONDE;51427102073606;0
TB-VARGINHA;;0
0803 - COND. EDIF. AIROSA;65089104000160;1
TecBan-PAULO AFONSO;51427102069161;0
TecBan-PEDERNEIRAS;51427102068432;0
TRÊS CORACÕES ALIMENTOS S.A.;63310411002902;0
TRÊS CORACÕES ALIMENTOS S.A.;63310411002066;0
TBF-LONDRINA;09262608003184;0
TRÊS CORACÕES ALIMENTOS S.A.;63310411001680;0
TecBan-BACABAL;51427102069242;0
TB-UBAJARA;51427102077261;0
TB-VOTUPORANGA;51427102031431;0
TB-TAQUARA;51427102052439;0
TB-VITORIA DA CONQUISTA;51427102008618;0
TRÊS CORACÕES ALIMENTOS S.A.;63310411002813;0
TB-VASSOURAS;51427102016122;0
TB-VERA CRUZ;51427102031601;0
985 - COND. RESIDENCIAL UNIK;24206733000145;1
TRÊS CORACÕES ALIMENTOS S.A.;63310411001760;0
TRÊS CORACÕES ALIMENTOS S.A. ;63310411001922;0
0306 - COND. EDIF. ESPACO COR;05095594000185;1
TB-VALINHOS;51427102025547;0
ALLIED TECNOLOGIA S.A.;20247322023430;1
711 COND. EDIF. BOSQUES DE TAMBORE;07608944000195;1
0282 COND. EDIF. TANNHAUSER HOUSE APARTMENTS;67.152.124/0001-63;2
TecBan-MORUNGABA;51427102068866;0
ALLIED TECNOLOGIA S.A.;20247322005530;1
ALLIED TECNOLOGIA S.A.;20247322023279;1
ALLIED TECNOLOGIA S.A.;20247322015764;1
ALLIED TECNOLOGIA S.A.;20247322005882;1
ALLIED TECNOLOGIA S.A.;20247322013044;1
ALLIED TECNOLOGIA S.A.;20247322003081;1
0963 - COND. VIVA MAIS BARUERI CONDOMINIO CLUBE;24782920000177;1
ALLIED TECNOLOGIA S.A.;20247322003677;1
ALLIED TECNOLOGIA S.A.;20247322001542;1
ALLIED TECNOLOGIA S.A.;20247322014954;1
ALLIED TECNOLOGIA S.A.;20247322018356;1
ALLIED TECNOLOGIA S.A.;20247322005459;1
ALLIED TECNOLOGIA S.A.;20247322004487;1
ASA BRANCA VIII ENERGIAS RENOVAVEIS S.A.;11694621000210;1
TOP TOWERS OFFICES;10.505.390/0001-05;0
ALLIED TECNOLOGIA S.A.;20247322015411;1
ALLIED TECNOLOGIA S.A.;20247322014016;1
TB-VITORIA DE SANTO ANTAO;;0
ALLIED TECNOLOGIA S.A.;20247322022116;1
ALLIED TECNOLOGIA S.A.;20247322003243;1
ALLIED TECNOLOGIA S.A.;20247322019913;1
ALLIED TECNOLOGIA S.A.;20247322004800;1
ALLIED TECNOLOGIA S.A.;20247322024321;1
ALLIED TECNOLOGIA S.A.;20247322004991;1
ALLIED TECNOLOGIA S.A.;20247322007400;1
COND. EDIF. ANA MARIA;54.222.849/0001-39;1
COND. EDIF. CELLINI;54.574.157/0001-50;1
ALLIED TECNOLOGIA S.A.;20247322016302;1
TB-VARZEA PAULISTA;51427102028481;0
Bardasse Fábrica de Bares Participações LTDA;20297400000207;1
COND. EDIF. LONDONDERRY; 00.156.982/0001-05;1
ALLIED TECNOLOGIA S.A.;20247322015926;1
ALLIED TECNOLOGIA S.A.;20247322024089;1
TUPI AGENCIA DE SERVICOS LTDA;03116547000145;0
COND. EDIF. CASTEL DE VERONA;56.275.217/0001-69;1
COND. EDIF. BELVEDER SIENA E LUCCA;62.446.521/0001-24;1
B.blend máquinas e bebidas S.A;22172203000360;1
ALLIED TECNOLOGIA S.A.;20247322005378;1
ALLIED TECNOLOGIA S.A.;20247322024402;1
ALLIED TECNOLOGIA S.A.;20247322014288;1
ALLIED TECNOLOGIA S.A.;20247322022035;1
COND. EDIF. JURUÁ;17.714.094/0001-63;1
TecBan-ITUMBIARA;51427102070097;0
TecBan-SANTA GERTRUDES;51427102070763;0
COND. EDIF. ILHA DE RHODES;60.264.330/0001-16;1
Tranding;40163619824/0003;0
COND. EDIF. LEBLON;62.578.000/0001-20;1
COND. EDIF. PEROLA;71.731.053/0001-20;1
COND. RES.  PALMA DE MALLORCA;03.091.893/0001-16;1
COND. EDIF. KEY BISCAYNE;00.247.399/0001-00;1
TB-VOLTA REDONDA;51427102006674;0
CAPI - Colégio Adventista Pinhais - EIEFM;76726884012800;1
Applar Tecnologia Ltda.;30608727000117;1
COND. EDIF. MAISON GUEDALA;01.492.290/0001-09;1
COND. EDIF. CONSELHEIRO LAFAYETTE;53.823.936/0001-89;1
COND. EDIF. ITAMARACA;62.026.273/0001-62;1
ALLIED TECNOLOGIA S.A.;20247322023511;1
COND. EDIF. RAINHA ELIZABETH;08.018.559/0001-50;1
CONDOMÍNIO VILLAGE PAINEIRAS;03.074.949/0001-24;1
CONDOMINIO DO EDIFICIO MARIA ANGELICA;40363244000153;1
COND. EDIF. RESIDENCIAL GARDEN TOWER;02.842.178/0001-05;1
Condominio Attualita;12298730/0001-08;1
COND. EDIF. RENATA;59.936.104/0001-55;1
COND. VILA RESID. GIARDINO DI MILANO;01.983.293/0001-37;1
COND.EDIF. OLD ENGLAND;04.141.716/0001-60;1
COND. EDIF. PALAZZO ISOLA D'ORO;56.272.370/0001-32;1
CONDOMINIO DO EDIFICIO ITABOCA;72509367000146;1
CONDOMINIO COSTA DO SOL;56.827.348/0001-01;1
Condomínio Edifício Alice;54.536.891/0001-24;1
CONDOMINIO DO EDIFICIO LORD REGENTE;29243060000117;1
Campo Limpo - Reciclagem e Transformação de Plásticos SA;09456668000112;1
COND. EDIF. WORK CENTER SAO PAULO;03.555.535/0001-17;1
Condomínio A3 Offices;15598278000180;1
Condomínio Duke;29241395000104;1
TECNOLOGIA BANCARIA S.A.;51427102000129;0
COND. MARQUISE IBIRAPUERA;19.128.140/0001-78;1
UNIQUE JARDINS;08.907.978/0001-43;0
COND.EDIF. PALAIS ROYAL - MOEMA;68.150.630/0001-86;1
Condomínio Deolinda Martins;07229801000172;1
COND. EDIF. ORIGINALE;15.089.301/0001-00;1
COND. EDIF. SPAZIO ADATTO RESIDENZA;05.470.541/0001-05;1
Condomínio Edifício Caramuru;02.986.358/0001-60;1
Condomínio Britânia;00281752000178;1
Condominio Residencial Itapoã;08.296.334/0001-66;1
ALLIED TCNOLOGIA S.A.;20247322018194;1
Condomínio Fernando Osório;68655737000186;1
DUCOCO ALIMENTOS S/A - SAO PAULO - EMPRESA 54;63460299000772;1
Condomínio Edifício Aimberê House;27.902.525/0001-79;1
Condomínio Samira;00120106000129;1
Condomínio Paulo Negrão;00255049000195;1
Condomínio Bruno Werner;22698222000162;1
EAAP - Escola Adventista Afonso Pena - EIEF;76726884013025;1
CONDOMINIO TERRA DA MATA;08.357.347/0001-06;1
Condomínio Edifício Fontana del Tritone;54.964.630/0001-05;1
Condomínio Tour D'Avignon;29278819000105;1
Condomínio Portus da Barra;68716307000127;1
Condomínio União;35798792000176;1
Condomínio Mais São Cristovão;16718268000101;1
Condomínio Residencial Helbor Loft Evolution II;05.972.316/0001-69;1
Condomínio Edificio Porcelana;00.099.490/0001-25;1
EDIF. PERSONA PARAISO;12.102.970/0001-87;1
Cerradinho Bioenerg. S.A.;08322396000103;1
CONDOMINIO LINK STUDIOS & OFFICES;25.139.003/0001-31;1
Condomínio Maria da Glória;39418876000198;1
Downtown - Bloco 14 (Sala 301 e 302);20247322022701;1
D. CENTER DISTRIBUIDORA LTDA.;05651966000455;1
EDIFICIO AZULI VILA MARIANA;08.267.351/0001-75;1
Condomínio Life Style;23.556.139.0001-11;1
P019-VITORIA;51427102001958;1
CONDOMINIO EDIFICIO MATISSE;67.985.580/0001-94;1
Condomínio Edifício Residence II;54.024.187/0001-92;1
MOOCA CONDOMINIUM CLUB;12.360.173/0001-08;1
RESIDENCIAL INDEPENDENZA;17.820.403/0001-80;1
MOLAS CONTAGEM LTDA;03292359000178;1
Contour Global do Brasil Holding LTDA;09531894000110;1
Empresa Brasileira de Comunicação Produção Ltda;04405242000116;1
Condomínio Shopping Center D;00087900000118;1
DANONE LTDA;23643315000152;1
Condomínio Agnes;01842093000164;1
TB-BASE OPERACIONAL THE;51427102006755;1
Multidisplay Comercio e Serviços Tecnológicos S/A;04193879000196;1
MEX ALIMENTOS;29809520000121;1
TB-BASE OPERACIONAL SLZ;51427102003306;1
TRÊS CORACÕES ALIMENTOS S.A.;63310411001841;0
EBCP/Brasilia                ;04405242000205;2
ROBOTTON MASTER;05023162000169;1
COND. EDIF. OFFICE BRIGADEIRO;52.518.693/0001-02;1
D730-RIO DE JANEIRO;;1
DPG SINALIZACAO DIGITAL LTDA;10644293000365;1
TB-COTIA;51427102014693;1
TB-GUARULHOS;51427102003900;1
TB-FLORIANOPOLIS;51427102002172;1
TB-POSTO LOG AVANÇADA POA;51427102000633;1
0630 - COND. CONJ. RES. JARDIM DA CIDADE;54200795000100;2
0299 - COND. EDIF. ESSENCIA VILA ROMANA;-;2
TB-POSTO LOG AVANÇADA GYN;51427102001524;1
TecBan-PROMISSÃO;51427102068602;0
ALLIED TECNOLOGIA S.A.;20247322001976;1
THE BLUE LOFT;07.453.733/0001-20;1
TB-UNIDADE OPERACIONAL CBF;51427102005350;1
TB-UNIDADE OPERACIONAL CGR;51427102002091;1
SYNAPCOM COMERCIO ELETRONICO LTDA;27932734000165;1
Gnova-BrandPR ;09160240000128;2
ALLIED TECNOLOGIA S.A.;20247322023198;1
TB-UNIDADE OPERACIONAL SSA;51427102000986;1
TB-POSTO LOG AVANÇADA BHZ;51427102000552;1
ALLIED TECNOLOGIA S.A;20247322005297;2
YEB FORNECEDORES LTDA;71803235000160;0
ALLIED TECNOLOGIA S.A.;20247322005610;2
ALLIED TECNOLOGIA S.A.;20247322012900;2
sociedade fogás ltda.;04563672000166;0
ALLIED TECNOLOGIA S.A.;20247322003839;2
ASA BRANCA V ENERGIAS RENOVAVEIS S.A;11681458000250;2
TB-POSTO LOG AVANÇADA BSB;51427102001605;1
ALLIED TECNOLOGIA S.A.;20247322016906;2
TBF-GARAGEM SAO MATEUS;09262608002536;0
COND. ED. ON THE PARK;09.290.465/0001-07;2
0810 COND. EDIF. LORD NELSON;65.718.892/0001-06;3
ALLIED TECNOLOGIA S.A.;20247322014792;2
TB-UNIDADE OPERACIONAL BSB;51427102001605;1
0677 COND. EDIF. DUPLEX HOME PINHEIROS;04.463.708/0001-30;3
TRES CORACOES IMOVEIS ARMAZENS GERAIS E SERVICOS LTDA ;06189718000154;0
CAC - Colégio Adventista Centenário - EIEFM;76726884006754;2
ALLIED TECNOLOGIA S.A.;20247322017031;2
0966 - COND. EDIF. SPACE VILA PRUDENTE;NAO INFORMADO;2
CAPGUA - Colégio Adventista Paranaguá - EIEF;76726884002686;2
ALLIED TECNOLOGIA S.A.;20247322004304;2
ALLIED TECNOLOGIA S.A.;20247322000570;2
COND. EDIF. CLERMONT FERRAND;01.705.371/0001-31;2
COND. EDIF. PAÇO DE COIMBRA;54.752.308/0001-12;2
CCABR - Colégio Curitibano Adventista do Bom Retiro - EIEFMP;76726884005359;2
CONDOMINIO BK30 ALTO DA BOA VISTA;26.859.518/0001-79;2
COND. ORVALHO GRANJA VIANA;11.979.466/0001-05;2
COND. EDIF. PANORAMA;55.949.291/0001-50;2
ALLIED TECNOLOGIA S.A.;20247322024593;2
Condomínio Imperator;00360153000140;2
CONDOMÍNIO MAISON ETOILE;24.312.466/0001-90;2
Condomínio Vila Maria Julia;00058797000188;2
COND. RESIDENCIAL EVOLVE MORUMBI;21.600.326/0001-20;2
D243-EMBU;51427102024303;2
Condomínio Figueira;72364953000140;2
Condomínio Polux;00190807000134;2
COND.EDIF. PRINCE OF SALZBURG;00.456.147/0001-90;2
Condomínio Edifício Módena;02.461.814/0001-59;2
ALLIED TECNOLOGIA S.A.;20247322012820;2
Condomínio Marina II;35796697000133;2
COND. EDIF. RIO BRANCO;53.832.689/0001-87;2
Condomínio Solar Satélite;29269578000120;2
Condomínio Luzes da Mata;09.597.966/0001-22;1
Condomínio Pasargada;03391813000148;2
Condomínio Edifício Modular Alfa;55.806.020/0001-46;2
P071-RIBEIRÃO PRETO;51427102007131;2
Condomínio Espaço Comercial Vila Mariana;27.717.406/0001-46;2
ALLIED TECNOLOGIA S.A.;20247322024160;2
ESTASA EMPRESA DE SERVIÇOSTEC E ADM LTDA;42181669000177;2
ALLIED TECNOLOGIA S.A.;20247322002000;2
TecBan-MACAIBA;51427102067622;0
TB-UNIDADE OPERACIONAL MCZ;51427102002687;1
TB-UNIDADE OPERACIONAL SSZ;51427102001010;2
COND. EDIF. ILHA MAUI;05.501.844/0001-30;2
VIE PINHEIROS - PENDENCIA;13.371.460/0001-78;0
0834 EDIFICIO LE TEMP'S CAMPO BELO;21.612.442/0001-69;3
TRÊS CORACÕES ALIMENTOS S.A.;63310411000101;0
VIE PINHEIROS;13.371.460/0001-78;1
TecBan-MARILANDIA;51427102070259;0
P431-RECIFE;51427102043103;2
COND ED VICTOR BRECHERET;54.934.765/0001-28;2
TecBan-CARATINGA;51427102068351;0
TRÊS CORACÕES ALIMENTOS S.A.;63310411001922;0
TecBan-DIAMANTINA;51427102068190;0
TRÊS CORACÕES ALIMENTOS S.A.;63310411003380;0
TecBan-PEDREIRA;51427102068513;0
COMÉRCIO DE MOLAS CAMPO GRANDE LTDA.;10673377000165;2
COND. EDIF. SAINT TROPEZ;06.113.442/0001-20;2
Condomínio Edifício Acapulco;03676815000183;2
COND. EDIF. VISCONDE DE WINDSOR;54.218.672/0001-05;1
TB-VOTORANTIM;51427102030702;0
Condomínio Edifício Cristiano Viana;71.730.121/0001-37;2
COND. CHARMANT VILA NOVA;05.545.830/0001-18;2
P003-RIO DE JANEIRO;51427102000390;2
ALLIED TECNOLOGIA S.A.;20247322024240;2
TBN-GUARULHOS;02954620000519;0
TecBan-ERECHIM;51427102068785;0
TRÊS CORACÕES ALIMENTOS S.A.;63310411001418;0
TecBan-ITAPETINGA;51427102067037;0
TRÊS CORACÕES ALIMENTOS S.A.;63310411002651;0
TecBan-SAO BENTO DO SUL;51427102069838;0
COND. RES. OLIMPIA SPECIAL SPACE;18.384.863/0001-75;3
TecBan-CAMBORIU;51427102068270;0
ALLIED TECNOLOGIA S.A.;20247322013478;3
VIVANTI CHACARA SANTO ANTONIO;12.552.470/0001-47;0
TRÊS CORACÕES ALIMENTOS S.A.;63310411003461;0
ALLIED TECNOLOGIA S.A.;20247322000651;3
ALLIED TECNOLOGIA S.A.;20247322014520;3
COND. EDIF. UP CONCEPT DESIGN OFFICES;26.780.230/0001-04;3
TecBan-FRAIBURGO;51427102069404;0
CONDOMINIO DO EDIFICIO PIRAUBA;73252900000108;3
0973 CONDOMÍNIO GAFISA SQUARE CHOICE;66362208000169;3
TB-UNIDADE OPERACIONAL VIX;51427102001958;2
TRÊS CORACÕES ALIMENTOS S.A.;63310411003119;0
COND. EDIF. DOMANI III;07.047.492/0001-10;3
CAMPMOLAS INDUSTRIA E COMÉRCIO LTDA;09044296000117;3
Condomínio Madressilva;01258231000162;3
Condomínio Rivieras D'Florença;28939294000130;3
TecBan-LAPA;51427102067541;0
COND. EDIF. UP LIFE SÃO PAULO;26.353.051/0001-90;3
COND. EDIF. KRISTAL PARK;00.782.584/0001-02;3
Condomínio Manguaba;39935895000191;3
TRÊS CORACÕES ALIMENTOS S.A.;63310411002732;0
ALLIED TECNOLOGIA S.A.;20247322013710;3
Condomínio Gioacchino Rossini;29254133000176;3
0292 - COND. EDIF. TOMIE OHTAKE;59.087.585/0001-71;4
P009-SALVADOR;51427102000986;3
0964 - COND. EDIF. ALTO SÃO FRANCISCO;30257127000151;3
COND. EDIF.  MANSAO DE RACINE;55.399.752/0001-69;2
Yeb Inteligência de Mercado Ltda;07575829000161;1
TB-ESTOQUE CENTRAL DE PEÇAS;51427102005279;3
TRÊS CORACÕES ALIMENTOS S.A.;63310411003038;1
TecBan-RIO DO SUL;51427102069757;0
master serviços ;21353497000100;0
TB-CETEM NOVO;51427102042042;2
COND. EDIF. PORTOFINO;68.489.707/0001-47;3
COND. EDIF. PALAIS ROYAL;67.181.842/0001-68;3
TecBan-SURUBIM;51427102068947;0
Tenneco Automotive Brasil Ltda;44023471000352;0
COMÉRCIO DE MOLAS OESTE PAULISTA LTDA;07444633000138;4
Tenneco Automotive Brasil Ltda;44023471000190;0
Condomínio Jardim de Ipanema;00173654000117;3
EDIF. HLI - 120;10.633.042/0001-13;3
ALLIED TECNOLOGIA S.A.;20247322023945;3
TecBan-VIDEIRA;51427102069676;0
Condominio Edificio Viviane;54.325.147/0001-80;4
TBF-JI-PARANA;09262608003427;2
TecBan-SANTANA;51427102068009;0
TECNOLOGIA BANCARIA S.A.;51427102000129;2
TBN-RECIFE;02954620001400;4
B.blend Máquinas e Bebidas S.A - Lapa;22172203000440;5
Tranding;40163619824/0002;0
964 COND. EDIF. ALTO SÃO FRANCISCO;30257127000151;5
Tenneco Automotive Brasil Ltda;44023471000786;0
COND. EDIF. CISNE BRANCO;60.258.050/0001-03;4
TB-UNIDADE OPERACIONAL SOR;51427102003144;4
TBN-SALVADOR;02954620001590;5
associação empresarial de jaragua do sul;84434372000116;1
TB-TERESINA;51427102006755;3
EDIFÍCIO MAISON DE VERSAILLES;56.710.221/0001-08;4
ALLIED TECNOLOGIA S.A.;20247322006005;4
ALLIED TECNOLOGIA S.A.;20247322015500;4
TB-UNIDADE OPERACIONAL SJK;51427102001796;3
ALLIED TECNOLOGIA S.A.;20247322013630;4
COND RESID.MAIS ESTILO & DESIGN MORUMBI;19.436.901/0001-59;4
COND. VILA INGLESA;03.963.107/0001-23;4
Tenneco Automotive Brasil Ltda;44023471000271;0
987 RESIDENCIAL SYNTHESIS PINHEIRO;-;3
TBN-BRASILIA;02954620002139;4
VIE PINHEIROS - PENDENCIA;13.371.460/0001-78;0
965 COND. EDIF. PRAÇA DAS TRES TORRES;54072343000190;5
COND. EDIF. ESPACO COR;05.095.594/0001-85;4
TB-UNIDADE OPERACIONAL SOR;51427102003144;3
Condomínio Edifício Chibarás;59.085.589/0001-10;3
TB-UBERLANDIA;51427102002920;3
TB-UNIDADE OPERACIONAL RAO;51427102007131;3
Condomínio Osmar;72403363000189;4
TBN-EMBU DAS ARTES;02954620002058;3
TVDA PARTICIPAÇÕES 2 S.A.;18854351000125;0
ALLIED TECNOLOGIA S.A.;20247322000902;4
TBN-FORTALEZA;02954620001914;4
0295 - COND. EDIF. PARQUE ESTAÇÃO JANDIRA;31191608000174;7
00961 - COND. EDIF. GAIVOTA;28876998000101;6
TRÊS CORACÕES ALIMENTOS S.A.;63310411002490;0
977- CONDOMÍNIO PRAÇA PIRATININGA;34563076000147;4
SWELL IMPORTACAO E COMERCIO DE PRODUTOS DE ILUMINACAO S.A.;10945114000168;5
TBN-CURITIBA;02954620001167;5
CONDOMINIO LATITUDE ACLIMAÇÃO;28.796.601/0001-71;5
Condomínio Edifício Barbara;54.208.442/0001-57;5
TecBan-SARAPUI;51427102069080;0
ALLIED TECNOLOGIA S.A.;20247322004649;5
COND. EDIF. CHATEAU DE BLOIS;07.855.100/0001-49;6
TBN-PORTO ALEGRE;02954620001671;5
COND. EDIF. GIORGIO MORANDI;55.293.492/0001-42;7
Condomínio Piracicaba;39074307000172;4
TecBan-CONGONHAS;51427102069919;0
Vila Allegra São Francisco;19.795.322/0001-00;3
CONDOMÍNIO L'ESSENCE MOOCA;23.313.957/0001-93;6
TB-UNIDADE OPERACIONAL BHZ;51427102000552;6
TRÊS CORACÕES ALIMENTOS S.A. ;63310411001418;0
COND. EDIF. CAP  LES ARCS;53.999.363/0001-49;5
UNIQUE JARDINS;08.907.978/0001-43;0
0739 COND. EDIF. OMEGA;52.518.693/0001-02;9
CAAB - Colégio Adventista Alto Boqueirão - EIEFM;76726884005510;6
TBN-BELEM;02954620001752;4
COND. VITA SÃO MIGUEL;22.954.210/0001-51;6
VIVANTI CHACARA SANTO ANTONIO;12.552.470/0001-47;1
Condomínio Edifício Camargo Guarnieri;07.289.498/0001-01;7
TV1-RP              ;04405242000116;8
COND. EDIF. ILHA DE MALTA;60.531.332/0001-24;5
COND. EDIF. AJURICABA;54.280.987/0001-74;5
TB-UNIDADE OPERACIONAL NAT;51427102002768;3
TecBan-XANXERE;51427102069595;0
TecBan-GURUPI;51427102069323;0
0970 - COND. EDIF. ELDORADO RESIDENCIAL BUTANTÃ;-;6
0725 - COND. LIBER VILLAGE CAMPO LIMPO;19831898000178;5
EDIFICIO ITAIM OFFICE BUILDING;07.093.326/0001-50;7
Fundação Parque Tecnológico Itaipu;07769688000118;5
CONDOMINIO EDIFICIO OASIS CURSINO;20.891.731/0001-81;6
CONDOMINIO RESIDENCIAL VILA HIPICA;10.217.165/0001-73;5
2B Educação;28575649000150;4
COND. EDIF. ORNATO MOEMA;11.878.372/0001-31;8
ALLIED TECNOLOGIA S.A.;20247322000309;5
Condomínio Edifício Latitude;10.791.138/0001-00;8
COMÉRCIO DE MOLAS LIMEIRA LTDA;65820557000114;6
TBN-MANAUS;02954620001329;5
ALLIED TECNOLOGIA S.A.;20247322005025;4
0940 - CONDOMÍNIO BK30 LARGO DO AROUCHE;33000414000170;7
TBN-MACEIO;02954620001833;4
;-;7
COND. EDIF. PRIMAVERA MORUMBI;28.649.123/0001-77;8
TBN-RIO DE JANEIRO;02954620000861;5
FLEX SOLUCOES EM GESTAO DE SAUDE LTDA;07447729000150;5
CONDOMINIO EDIFICIO VISTA ALEGRE;18.587.133/0001-71;8
0969 - COND. LANDSCAPE VILA MASCOTE;16965067000109;5
0851 COND. SPLENDOR VILA MASCOTE;10.893.653/0001-09;8
COND. PALMA DE MALLORCA;04.233.922/0001-08;6
0268 COND. EDIF. RIO NEGRO;53.833.109/0001-76;7
Condomínio Edifício Nob hill;67.849.265/0001-30;5
COND. MY SPACE;27.159.978/0001-57;7
TBN-BELO HORIZONTE;02954620001086;5
Cotabox;24672820000198;9
ALLIED TECNOLOGIA S.A.;20247322003758;10
TB-UNIDADE OPERACIONAL CWB;51427102000200;7
COND. EDIF. GRADINI;03.040.206/0001-33;8
EDIFICIO BROOKLIN OFFICE;21.353.678/0001-28;10
TBN-GOIANIA;02954620000942;5
CAFRG - Colégio Adventista Fazenda Rio Grande ;76726884012991;11
TB-CENTRO TÉCNICO E LOGÍSTICO;51427102033647;10
TB-UNIDADE OPERACIONAL POA;51427102000633;6
São Bento Restaurante Ltda;24605454000154;9
CONDOMINIO SUPREMO;14.072.790/0001-25;9
COND. EDIF. IMMAGINATO CASA VERDE;24.658.971/0001-91;8
Condomínio Residencial Villagio do Ipiranga;33.656.592/0001-53;8
COND. EDIF. GARCIA D'AVILA;54.203.724/0001-61;9
ALLIED TECNOLOGIA S.A.;20247322013559;8
CONDOMINIO MAXHAUS ITAIM;18.803.496/0001-05;7
TV1-PONTO COM                      ;04405242000116;13
OFFICE SILVA BUENO;52.518.693/0001-02;11
TB-UNIDADE OPERACIONAL FOR;51427102001443;8
TB-UNIDADE OPERACIONAL REC;51427102001109;8
Condomínio Edifício Sonata Residence;19.319.210/0001-75;11
Condomínio Edifício Metrópole Marques de Olinda;17.139.702/0001-53;9
TB-UNIDADE OPERACIONAL BEL;51427102003063;8
TBN-MACAPA;02954620000780;7
0297 - COND. EDIF. LIVING HARMONY SACOMÃ;30647512000105;12
IDEA CONDOMINIUM;28.737.795/0001-34;16
TB-UNIDADE OPERACIONAL CPQ;51427102001362;10
TBN-SAO PAULO;02954620000608;15
Condominio Bandeira Pauliceia;36.766.263/0001-53;11
B.blend Máquinas e Bebidas S.A - Itaim;22172203000106;14
GNova           ;09160240000128;11
0934 COND. EDIF. TROVI MOOCA;26.461.063/0001-39;22
ALLIED TECNOLOGIA S.A.;20247322006501;14
COND. EDIF. ITAPEVA MEDICAL CENTER;03.813.829/0001-00;12
M4 Produtos e Serviços S/A;09614276000134;22
EDIFÍCIO CRYSTAL CAMPO BELO;12.808.151/0001-50;13
CONDOMINIO ADVANCED ITAIM;10.676.494/0001-82;11
TV1-Xlab ;04405242000116;25
COND. EDIF. MAISON RAVEL;62.026.620/0001-57;17
Cotabox;24672820000198;27
EMCI AGENCIA DE VIAGENS TURISMO E INCENTIVOS LTDA;17280120000192;24
TBF-BARREIRAS;09262608003346;38
TBF-PETROLINA;09262608003001;43
TBN-BARUERI;02954620000195;36
TBF-CARUARU;09262608003508;45
TBF-VITÓRIA DA CONQUISTA;09262608001564;47
TBF-PARNAÍBA;09262608001211;43
TBF-CAMPINA GRANDE;09262608001050;43
TV1- CONTEUDO & VIDEO          ;04405242000116;42
TBF-ARACAJU;09262608001726;47
TBF-NATAL;09262608002293;55
TBF-ITABUNA;09262608002374;46
TB-UNIDADE OPERACIONAL RIO;51427102000390;60
TBF-PORTO SEGURO;09262608003265;48
TBF-PRESIDENTE PRUDENTE;09262608002706;53
TBF-MACAPÁ;09262608001130;57
TBF-PORTO VELHO;09262608000916;52
TBF-BAURU;09262608002617;82
TBF-CURITIBA;09262608001483;72
TBF-SERRA;09262608000401;60
TBF-MACEIO;09262608002102;65
EPHARMA;03448808000124;89
TBF-TERESINA;09262608001300;85
TBF-SOROCABA;09262608002455;75
TBF-CAMPO GRANDE;09262608002021;83
TBN-EMBU DAS ARTES;02954620000276;86
TBF-SANTOS;09262608001998;94
Sony Music;43203520000104;112
TBF-SÃO JOSÉ DOS CAMPOS;09262608001807;103
TB-CENTRO TÉCNICO E LOGÍSTICO;51427102033647;109
TBF-RECIFE;09262608000592;110
São Dionio Restaurante Ltda;35098479000125;124
TBF-CAMPINAS;09262608002889;115
Empresa Brasileira de Comunicação Produção Ltda;04405242000116;108
TBF-LIMÃO;09262608000835;100
TBF-PORTO ALEGRE;09262608001645;121
EBCP ;04405242000116;164
TBF-SALVADOR;09262608000673;129
TBF-SEDE;09262608000240;144
TBF-SÃO MATEUS;09262608000320;189
São Bartolomeu Restaurante Ltda;20736896000189;249
TBF-RIO DE JANEIRO;09262608000754;203
EDITORA SANAR LTDA - ME;18990682000192;362
ALLIED TECNOLOGIA S.A;20247322000147;294
Gnova Publicidade LTDA;09160240000128;237
Santa Cecília Restaurante Ltda;29181279000139;371
TBF-CONGONHAS;09262608000169;314
TB-MATRIZ TECBAN;51427102000129;378
TECNOLOGIA BANCARIA SA;51427102000471;503
TB-ESTOQUE CENTRAL DE PEÇAS;51427102005279;747
TB-CETEM TECBAN VELHO;51427102000471;708
Empresa Brasileira de Comunicação Produção Ltda;04405242000116;1601
