empresa;documento
0650 ÁPICE FREGUESIA RES CLUBE;14.452.433/0001-92
0652 CONDOMINIO WIDE GARDEN;14.886.384/0001-04
0851 COND. SPLENDOR VILA MASCOTE;10.893.653/0001-09
0893 EDIFICIO PLATEAU JARDINS;10.427.332/0001-00
0268 COND. EDIF. RIO NEGRO;53.833.109/0001-76
0677 COND. EDIF. DUPLEX HOME PINHEIROS;04.463.708/0001-30
1089 COND.EDIF. PIAZZA DI LUGANO;59.833.723/0001-14
0952 CONDOMINIO MAXHAUS CELO;19.163.917/0001-35
0467 COND. EDIF. MANSAO J. SAADE;55.401.285/0001-64
0899 COND. EDIF. PARC EVIAN;10.253.815/0001-36
0810 COND. EDIF. LORD NELSON;65.718.892/0001-06
1135 COND. EDIF. RIO TEJO;54.002.076/0001-85
SIDERQUIMICA INDUSTRIA E COMERCIO DE PRODUTOS QUIMICOS S.A;73586976000161
WATERTEC INDUSTRIAL COMERCIAL LTDA;01081469000165
OPEN CONTROLS;27612193000198
IGAM4 CONSULTORIA CIENTIFICA E TECNOLOGICA LTDA - EPP;21852121000131
0282 COND. EDIF. TANNHAUSER HOUSE APARTMENTS;67.152.124/0001-63
CEAGESP - COMPANHIA DE ENTREPOSTOS E ARMAZENS GERAIS DE SAO PAULO;62463005000108
0956 EDIF. EXT CAMPO BELO;29.709.204/0001-88
Barbosa Di Berardo;27947929000189
capfsoft;92850408000170
0934 COND. EDIF. TROVI MOOCA;26.461.063/0001-39
R.A. DOS SANTOS GESTAO EMPRESARIAL;16700955000191
BANCO TRIANGULO S/A;17351180000159
RCA DISTRIBUIDORA SOCIEDADE LTDA;05846607000100
0646 COND. EDIF. RES. IDEALE MOOCA;12.984.106/0001-56
BANCO TRIANGULO S/A;17351180000159
Teste;83493095000150
RABBIT COMERCIO DE ROUPAS - ME;11248972000116
0739 COND. EDIF. OMEGA;52.518.693/0001-02
Worth a Million;63025530001267
CELSO GARCIA REFEICOES Teste Cotabox;06268869000106
BANCO DO BRASIL SA;00000000000191
COTABOX TECNOLOGIA E SOFTWARE LTDA - ME;24672820000198
0287 COND. EDIF. PORTLAND'S RESIDENCE;60.376.233/0001-15
RODRIGO SCOLA SODRE 00560282028;13573816000156
REVOLUTIO SISTEMAS DE TELEATENDIMENTO LTDA;00483756000139
0655 EDIFICIO CAMPO BELO GOLDEN TOWER;02.340.353/0001-66
BANCO DO BRASIL SA;00000000000191
COTABOX TECNOLOGIA E SOFTWARE LTDA - ME;24672820000198
SISTEMA ALFA UNIVERSITARIO LTDA - ALFAFadipa;04943416000102
ASSOCIAÇÃO PELA FAMÍLIA;61330817000970
VALEANT FARMACEUTICA DO BRASIL LTDA;61186136000122
Jair Eletrica LTDA;95359649000100
Kavalcante Group;26738749000124
Jair Eletrica;19983473000184
cotação de preço;65620437000173
EDITORA SANAR LTDA - ME;18990682000192
Teste Teste;43141019000160
Departamento SA;46463653000108
Lucas Nabeiro de Campos;29102137000139
0669 COND. EDIF. MY PLACE;15.675.369/0001-71
Armarinho Sao Jose;72220268000140
COMPANHIA MUNICIPAL DE TRANSITO E URBANIZACAO-CMTU-LD;86731320000137
MARIA DE FATIMA RODRIGUES DE ANDRADE TAMANINI;27850744000151
Nordeste clima engenharia;13151025000138
COMPANHIA DE PESQUISA DE RECURSOS MINERAIS CPRM;00091652003013
RETALHAR COSTURANDO IDEIAS;21416009000158
WINKER;18924102000169
TINTAS MC LTDA;61149506004904
CONDOMINIO EDIFICIO FARIA LIMA FINANCIAL CENTER;05778098000126
Caião dos Incenso SA;79214292000115
BRAZIL MARKET IMPORTACAO EXPORTACAO E COMERCIO LTDA;01422810000107
LEROY MERLIN COMPANHIA BRASILEIRA DE BRICOLAGEM;01438784003708
FUNDACAO DE APOIO A FACULDADE DE MEDICINA DE MARILIA;09161265000146
LIDERA CONSULTORIA;10665585000112
MAJ- MORENO;55172977000188
ALEMOLDE INDUSTRIA E COMERCIO DE EMBALAGENS DE MATERIAL PLASTICO LTDA;10344758000109
comunidade Evangélica de Nilópolis;02072261000142
CONDOMINIO VOG CANDEIAS RESIDENCE;10967260000194
A EXCLUSIVA MOVEIS E EQUIPAMENTOS PARA ESCRITORIO E GASTRONOMIA LTDA;07080597000170
A. A. DA SILVA - MIUDEZAS;09590207000138
TECHEM DO BRASIL SERVICOS DE MEDICAO DE AGUA LTDA.;07829545000154
MORUMBI BOBINAS E ETIQUETAS;02977086000132
Morada nova;67549043000100
teste;46776942000167
VANESSA DE LIMA CORTILE;11975667000126
PONTO 5;09590207000138
Oficina da Mesa - Cozinha Compartilhada e Empreendedora;17486157000171
ATEVALDO DOS SANTOS - BEL;09102212000154
SUPPLIER BOOK TECNOLOGIA LTDA;29738552000183
teste;68297425000148
HOSPITAL MUNICIPAL SANTANA DE CARANDAI;19558782000107
PWA INFORMÁTICA - ME;08583553000126
COOP. NOVA ALIANÇA;88612486000160
G&B - MATERIAIS PARA CONSTRUÇÃO ;20217106000159
D S COSME CONFECCAO;18787496000150
MUNICIPIO DE SANTO ANDRE;46522942000130
GIANNONE TRANSPORTES LTDA;08186591000145
Morisco Lingerie;01830530000391
INSTITUICAO PAULISTA ADVENTISTA DE EDUC E ASS SOCIAL;43586122002753
Gás tupo;44341493000107
PORTO TEC ASSISTENCIA TECNICA LTDA;13720716000105
QUALYNEI INFORMATICA S/C LTDA;03794861000187
NOVA MAXIMOS;12683888000193
teste;36164250000104
SHOPPING CENTER ''D'';00087900000118
BIANCULLI & COSTA PRODUCOES E COMERCIO DE ELETRONICOS LTDA;22953003000182
RAP BURGUER HAMBURGUERIA EIRELI;27286149000135
PAULO VALERIO PEDRO;05855483000120
 iOn Live / Sportion;13562187000169
SERVER QUIMICA;04900875000281
VICENZA PANIFICADORA E CONFEITARIA LTDA - ME;13246576000185
MUNDIAL ATACADISTA;01713958000354
MARCLEAN;24070544000198
IRMAOS BIRCHAL;08599266000104
Francisco;19620562000166
SEED;76416965000121
PREFEITURA MUNICIPAL ;13635008000176
SOLUFIRE SOLUCOES CONTRA INCENDIO;23149372000180
Pleno Fotografia ;19926271000109
PR SEC GABINETE DO SECRETARIO;76416965000121
Senac;03709814003618
TECMIX PERFORMANCE INDUSTRIAL ;28849930000133
FUNCEF;00436923000190
Mega 7 Soluções ;12591341000168
ETEC ITAQUERA;10754640000140
ETEC ITAQUERA II;62823257028534
PROJETA ENGENHARIA;12577657000103
capsoft;44578031000108
Casa de Repouso Mooca Bem Me Care;11983349000107
casdf;79114651000162
capsoft;59609667000139
CONDUZ TINTAS;06148424000184
Alfa Livraria e papelaria ;09643905000154
Conex;28560389000149
COMPESA;09769035000164
AMERICANA DESCARTAVEIS;05826245000196
RobsonRamosAbrao;15980718000169
Conpass;24844780000114
Low BBQ BAR;30400570000130
Plastok;08983806000159
Senai Pirituba;03774819000102
Ecotech;12125717000149
Metropole;51889608000150
GS SOUTO;04949655000161
T4 SOLUTIONS;96491128000174
HARMONIA TERCEIRIZACOES;14874144000181
Grupo Vida Natural Hortalicas;11677480000146
Editora Metha;47672399000110
foz;30259024000120
lubeck;12984082000135
Evool Tecnologia;24449177000138
AGROVEIGA - MATRIZ;56541287000111
Marinho Informatica;03032295000176
HARMONIA TERCEIRIZACOES;14874144000181
VEIGA EQUIPAMENTOS DE ORDENHA;21545957000193
Prefeitura de Poá;55021455000185
HARMONIA TERCEIRIZACOES;14874144000181
Sesc Protásio Alves ;03575238000214
EXPRESSO MIRASSOL;52438082000154
SET SISTEMAS E PRODUTOS TECNICOS LTDA;00185372000130
HARMONIA TERCEIRIZACOES;14874144000181
Tiquatirão Frutos do Mar;10858459000184
HARMONIA TERCEIRIZACOES;14874144000181
H8;26650191000120
GS SOUTO;04949655000161
Editora HTC;11803694000111
Impermix;75058149000120
TIQUATIRAO FRUTOS DO MAR;10858459000184
AGUSTINE.CO;31078209000100
Kimberlit;61167060000198
Wam;25309101000170
Cota;24672820000198
Mercado Santa Rita;02522851000120
Editora bambole;22622213000198
WaM;25309101000170
Ferraz Group;48619905000170
Não tenho;36609156000111
SENAI;03774819001761
Bar e lanchonete Dona Maria;14034415000190
SOLID EQUIPAMENTOS;15086280000170
IBIS LIBRIS;09238097000140
EDITORA DCL;60444098000106
vestseller;07519426000103
Quadrante Editora ;28806912000174
Editora VestSeller;07519426000103
LB SOLUÇÕES DE INFORMÁTICA E SUPRIMENTOS;30699504000102
IdGroup Brasil;05566268000109
Tecnogera;08100057000174
EDITORA DCL;60444098000106
ANDRA MATERIAIS ELÉTRICOS;47674429000128
Dvicz Sorvetes;81073090000142
Aramacanb;57510760000166
COFIBAM ;43563840000175
Worth a Million;25309101000170
ULTRAFAR;07555491000186
ConectWi;15527632000185
EDITORA EUROPA;56934599000195
BASE FLUVIAL DE LADÁRIO;00394502005294
Azuli;11121708000117
Lumav;30831828000152
BBM PORTO BRÁS;20423126000186
Shopping La Playa;03007996000155
Nativa Produtos Naturais;27866661000150
AAE COLÉGIO ESTADUAL HILKA DE ARAUJO PEÇANHA;01943611000136
INTELIT;10682187000104
HADASS;07967729000180
2B Educação;28575649000150
Solutions;30563249000176
SENAI;03774819001761
Conflan;60520012000179
FIT;21873863000143
PREFEITURA MUNICIPAL DE PORTO ESTRELA;24740268000128
Restaurante Parada do Churrasco;28126521000109
Five Hunt;77776541000130
White Martins;35820448009869
CODEMAR S.A.;20009382000121
CJ Piramides;60281482000127
Escola Camb;27970269000157
Macacos Hidraulicos;02752182000182
Ewqoepqo;46418027000108
SPTURIS;62002886000160
Açaí Magnífico - Vila Romana;31268393000142
WYDE ENGENHARIA;05463902000188
WDK Roupas e Acessorios;31641081000132
Jose;17616481000167
AGILLUX SOLUÇÕES ELÉTRICAS ;23488557000119
DIRETO DA SERRA;22102703000163
JAU;37344413000101
Merc;88664448000150
Valve Engenhari;26713385000128
Leozao Fantasia;05047198000182
casa do game;04215707000176
Cotabox;24672820000198
Sony Music;43203520000104
GEMANTEC EMPILHADEIRAS;08060484000176
Fogás;04563672000166
Primer Construtora;27338798000132
Fogás - MATRIZ;04563672000166
GLOBALPACK ;04558449000392
WS SOLUÇÕES INTEGRADAS ;32155410000106
Piscina Fácil;10879917000161
Pangea trade;21830015000157
aguia de ouro distribuidora de alimentos;25142346000155
asdasdasda;96417135000126
TV SBT;45039237000114
Sesc;03591097000657
LOPES IMOBILIARIA;08078847000109
TAJ MAHAL;13307082000163
TUPY;84683374000300
ATM Asfaltos;27728911000196
imprimindo;03927250000160
torio brasil;07240707000114
BLP;27402383000180
SUPPLY PLUS SOURCING & PROCUREMENT EXPERTS;22208624000131
Freitas Pozzatti Solucoes Imobiliarias;10823231000159
HABITACIONAL COMERCIAL E ADMINISTRADORA LTDA;62309216000190
Cotabox;24672820000198
ENGEFORM DESENVOLVIMENTO IMOBILIARIO;16604261000150
KURUMÁ VEÍCULOS;00827783000181
MACKENZIE;60967551000150
Mackenzie;60967551000150
Mackenzie;60967551000150
EPHARMA;03448808000124
CONDOMINIO JATOBA;08919536000117
ESCOLA DE INTELIGENCIA;11468719000178
FARG SOLUÇÕES;18618294000185
RENAULT DO BRASIL;00913443000173
Si Senor - Sede Administrativa;10291637000138
COREN - SP;44413680000140
EBCP ;04405242000116
TV1-PONTO COM                      ;04405242000116
TV1-Xlab ;04405242000116
TV1-RP              ;04405242000116
TV1- CONTEUDO & VIDEO          ;04405242000116
GNova           ;09160240000128
Gnova-Experience ;09160240000128
EBCP/Brasilia                ;04405242000205
Gnova-XLAB ;09160240000128
Gnova-PCom ;09160240000128
Gnova-BrandPR ;09160240000128
Gnova-Conteudo & Video ;09160240000128
VEPER SERVIÇOS DE VIGILANCIA;01848003000142
Gnova-BH ;09160240000128
Gnova-Brasília ;09160240000128
teste empresa;45254854000158
;-
00960 - COND. EDIF. YANG BROOKLIN;24902212000122
00961 - COND. EDIF. GAIVOTA;28876998000101
0910 - COND. EDIF. PARAISO;54219845000100
0297 - COND. EDIF. LIVING HARMONY SACOMÃ;30647512000105
0292 - COND. EDIF. TOMIE OHTAKE;59.087.585/0001-71
0299 - COND. EDIF. ESSENCIA VILA ROMANA;-
0294 - COND. EDIF. PARACATU;12.488.876/0001-08
0964 - COND. EDIF. ALTO SÃO FRANCISCO;30257127000151
0306 - COND. EDIF. ESPACO COR;05095594000185
0963 - COND. VIVA MAIS BARUERI CONDOMINIO CLUBE;24782920000177
0295 - COND. EDIF. PARQUE ESTAÇÃO JANDIRA;31191608000174
0296 - EDIF. RESID. PRAXX ITATIBA;-
0959 - COND. EDIF. TAPAJÓS;00154437000180
0630 - COND. CONJ. RES. JARDIM DA CIDADE;54200795000100
0940 - CONDOMÍNIO BK30 LARGO DO AROUCHE;33000414000170
0803 - COND. EDIF. AIROSA;65089104000160
0966 - COND. EDIF. SPACE VILA PRUDENTE;NAO INFORMADO
0720 - COND. RESIDENCIAL PASSEIO MORUMBI;-
0725 - COND. LIBER VILLAGE CAMPO LIMPO;19831898000178
0834 EDIFICIO LE TEMP'S CAMPO BELO;21.612.442/0001-69
0967 - COND. EDIF. LIBER VILLAGE CAMPO LIMPO;19831898000178
703 CONDOMINIO LINK IPIRANGA;33551496000140
1161 - COND. EDIF. PEROLA;71731053000120
0973 CONDOMÍNIO GAFISA SQUARE CHOICE;66362208000169
3CAFFI INDUSTRIA E COMERCIO DE CAPSULAS S.A ;19675900000167
3CORACOES NORTE COMERCIO DE PRODUTOS ALIMENTICIOS LTDA.;27774514000150
0984 - CONDOMINIO EDIFICIO JUPITER;10346275000135
0996 - Condomínio Edifício Palais Blanc;07480584000199
705	COND. EDF. CONQUISTA PARQUE HIPOLITO;35618108000127
707	COND. CONQUISTA JARDIM AMARALINA;33434857000179
0969 - COND. LANDSCAPE VILA MASCOTE;16965067000109
706	VIVAMAR - CONDOMÍNIO BEM TE VI ;-
0968 - CONDOMÍNIO EDIFÍCIO VILLA DEI FIORI;57866493000164
0970 - COND. EDIF. ELDORADO RESIDENCIAL BUTANTÃ;-
708 COND. SIDE ATLÂNTICA;-
709	COND. EDIF. SOLAR DOS PALMARES;65088841000148
710 COND. LIVING WISH LAPA;-
733 VIVAMAR – CONDOMÍNIO SABIA;
724 - Condomínio Resid. Lírio Morumbi;-
717	COND. EDIF. MOVVA SP;-
713	CONDOMÍNIO ANDORRA - EDIF. D'ORSAY;-
711 COND. EDIF. BOSQUES DE TAMBORE;07608944000195
712	COND. EDIF. ADRIANA;55233191000123
714	VIVAMAR - CONDOMINIO CANÁRIO;-
718	CONDOMÍNIO PRAÇA MOOCA;-
736 CONDOMÍNIO ANDORRA - EDIF. BILBAO;
723 - COND. EDIF. UPLIFE INTERLAGOS;-
756 CONDOMÍNIO RESERVA DO ALTO;37681257000166
735 CONDOMINIO CITIZEN PAULISTA;-
716	COND. EDIF. VIVA VIDA FIGUEIRAS;-
809 EDIFICIO RESIDENCIAL UPCON ITACEMA;-
876 - CONJ. RES. MAURO E BRAIDO;59936112000100
904 - EDIF. COMERCIAL PRAXX ITATIBA;-
943 COND. EDIF. SIMONE;54459292000154
964 COND. EDIF. ALTO SÃO FRANCISCO;30257127000151
965 COND. EDIF. PRAÇA DAS TRES TORRES;54072343000190
967 - CONDOMÍNIO BKO WAVE SÁUDE;31815397000101
985 - COND. RESIDENCIAL UNIK;24206733000145
971 CONDOMINIO CLIMA DO BOSQUE;11880551000103
972 EDIFICIO RG OSCAR;33031912000180
986 CONDOMÍNIO CONQUISTA VILA SÔNIA;33433710000164
975 - EDIFICIO MAISON D'AMBOISE;01398968000180
987 RESIDENCIAL SYNTHESIS PINHEIRO;-
976 - CONDOMÍNIO TERRAVISTA VILAS;10802928000143
977- CONDOMÍNIO PRAÇA PIRATININGA;34563076000147
988 - CONDOMINIO EDIFICIO MODULAR OMICRON;53833166000155
978 - COND. THE PLACE ED. - CANÁRIO E INHAMBU;13042127000115
989 - Conjunto Residencial Mirante da Lapa;59482653000105
991 - CONDOMÍNIO 22 DE MARÇO;-
979 COND. PRAÇA ESTAÇÃO JANDIRA;-
990 - CONDOMÍNIO EDIFÍCIO ETRE PERDIZES;20092718000162
980 CONDOMÍNIO ROYAL ALTO DO IPIRANGA;-
992	ASSOCIAÇÃO PRAÇAS DA CIDADE;24568518000194
997 VILLA FELICITA BONSUCESSO;-
995 RESIDENCIAL VILA DO BOSQUE ITAPEVI;33889803000106
981	CONDOMINIO EDIFICIO PLAZA JK;3815535000109
983 - CONDOMÍNIO CAMPO BELO MEDICAL CENTER;08818926000109
998 CONDOMÍNIO SOL DA SAÚDE RESIDENCIAL;13163866000165
982	CONDOMINIO EDIFICIO ORQUIDEAS;57184046000125
994 CONDOMÍNIO EDIFÍCIO LINO 748;-
999 CONDOMÍNIO RESIDENCIAL MOMA;33222322000134
ALLIED S.A.;4416818004057
ALLIED S.A.;4416818005371
ALLIED S.A.;4416818000655
ALLIED S/A;4416818005533
ALLIED S/A;4416818005029
ALLIED S/A;4416818004308
ALLIED S/A;4416818004057
ALLIED S/A.;4416818004308
ALLIED S/A.;4416818005290
ALLIED S/A.;4416818003247
ALLIED TCNOLOGIA S.A.;20247322018194
ALLIED S/A.;4416818005029
ALLIED TECNOLOGIA S.A;20247322000147
ALLIED TECNOLOGIA S.A;20247322005297
ALLIED TECNOLOGIA S.A;20247322009012
ALLIED TECNOLOGIA S.A;20247322011858
ALLIED TECNOLOGIA S.A.;20247322022540
ALLIED TECNOLOGIA S.A.;20247322003758
ALLIED TECNOLOGIA S.A.;20247322022620
ALLIED TECNOLOGIA S.A.;20247322022701
ALLIED TECNOLOGIA S.A.;20247322022892
ALLIED TECNOLOGIA S.A.;20247322022973
ALLIED TECNOLOGIA S.A.;20247322001461
ALLIED TECNOLOGIA S.A.;20247322006501
ALLIED TECNOLOGIA S.A.;20247322009950
ALLIED TECNOLOGIA S.A.;20247322023783
ALLIED TECNOLOGIA S.A.;20247322021063
ALLIED TECNOLOGIA S.A.;20247322000813
ALLIED TECNOLOGIA S.A.;20247322000570
ALLIED TECNOLOGIA S.A.;20247322003596
ALLIED TECNOLOGIA S.A.;20247322006005
ALLIED TECNOLOGIA S.A.;20247322020504
ALLIED TECNOLOGIA S.A.;20247322001208
ALLIED TECNOLOGIA S.A.;20247322002786
ALLIED TECNOLOGIA S.A.;20247322002271
ALLIED TECNOLOGIA S.A.;20247322003162
ALLIED TECNOLOGIA S.A.;20247322002433
ALLIED TECNOLOGIA S.A.;20247322015250
ALLIED TECNOLOGIA S.A.;20247322015330
ALLIED TECNOLOGIA S.A.;20247322012587
ALLIED TECNOLOGIA S.A.;20247322016574
ALLIED TECNOLOGIA S.A.;20247322001119
ALLIED TECNOLOGIA S.A.;20247322012153
ALLIED TECNOLOGIA S.A.;20247322016736
ALLIED TECNOLOGIA S.A.;20247322016655
ALLIED TECNOLOGIA S.A.;20247322001380
ALLIED TECNOLOGIA S.A.;20247322006420
ALLIED TECNOLOGIA S.A.;20247322014105
ALLIED TECNOLOGIA S.A.;20247322007745
ALLIED TECNOLOGIA S.A.;20247322007826
ALLIED TECNOLOGIA S.A.;20247322009799
ALLIED TECNOLOGIA S.A.;20247322007907
ALLIED TECNOLOGIA S.A.;20247322008040
ALLIED TECNOLOGIA S.A.;20247322008989
ALLIED TECNOLOGIA S.A.;20247322008717
ALLIED TECNOLOGIA S.A.;20247322007664
ALLIED TECNOLOGIA S.A.;20247322009527
ALLIED TECNOLOGIA S.A.;20247322009608
ALLIED TECNOLOGIA S.A.;20247322009446
ALLIED TECNOLOGIA S.A.;20247322001208
ALLIED TECNOLOGIA S.A.;20247322011009
ALLIED TECNOLOGIA S.A.;20247322010886
ALLIED TECNOLOGIA S.A.;20247322004720
ALLIED TECNOLOGIA S.A.;20247322010967
ALLIED TECNOLOGIA S.A.;20247322021225
ALLIED TECNOLOGIA S.A.;20247322010029
ALLIED TECNOLOGIA S.A.;20247322021306
ALLIED TECNOLOGIA S.A.;20247322022388
ALLIED TECNOLOGIA S.A.;20247322009365
ALLIED TECNOLOGIA S.A.;20247322009101
ALLIED TECNOLOGIA S.A.;20247322022205
ALLIED TECNOLOGIA S.A.;20247322023600
ALLIED TECNOLOGIA S.A.;20247322023007
ALLIED TECNOLOGIA S.A.;20247322023511
ALLIED TECNOLOGIA S.A.;20247322023350
ALLIED TECNOLOGIA S.A.;20247322011181
ALLIED TECNOLOGIA S.A.;20247322023430
ALLIED TECNOLOGIA S.A.;20247322006773
ALLIED TECNOLOGIA S.A.;20247322023198
ALLIED TECNOLOGIA S.A.;20247322023279
ALLIED TECNOLOGIA S.A.;20247322007311
ALLIED TECNOLOGIA S.A.;20247322008636
ALLIED TECNOLOGIA S.A.;20247322008393
ALLIED TECNOLOGIA S.A.;20247322006935
ALLIED TECNOLOGIA S.A.;20247322006692
ALLIED TECNOLOGIA S.A.;20247322008474
ALLIED TECNOLOGIA S.A.;20247322006854
ALLIED TECNOLOGIA S.A.;20247322011262
ALLIED TECNOLOGIA S.A.;20247322007230
ALLIED TECNOLOGIA S.A.;20247322011343
ALLIED TECNOLOGIA S.A.;20247322011696
ALLIED TECNOLOGIA S.A.;20247322003596
ALLIED TECNOLOGIA S.A.;20247322011505
ALLIED TECNOLOGIA S.A.;20247322011424
ALLIED TECNOLOGIA S.A.;20247322008717
ALLIED TECNOLOGIA S.A.;20247322015179
ALLIED TECNOLOGIA S.A.;20247322007583
ALLIED TECNOLOGIA S.A.;20247322008202
ALLIED TECNOLOGIA S.A.;20247322007079
ALLIED TECNOLOGIA S.A.;20247322010100
ALLIED TECNOLOGIA S.A.;20247322010452
ALLIED TECNOLOGIA S.A.;20247322007150
ALLIED TECNOLOGIA S.A.;20247322010703
ALLIED TECNOLOGIA S.A.;20247322010614
ALLIED TECNOLOGIA S.A.;20247322010533
ALLIED TECNOLOGIA S.A.;20247322011777
ALLIED TECNOLOGIA S.A.;20247322010371
ALLIED TECNOLOGIA S.A.;20247322010290
ALLIED TECNOLOGIA S.A.;20247322008121
ALLIED TECNOLOGIA S.A.;20247322008806
ALLIED TECNOLOGIA S.A.;20247322020768
ALLIED TECNOLOGIA S.A.;20247322012234
ALLIED TECNOLOGIA S.A.;20247322012315
ALLIED TECNOLOGIA S.A.;20247322020849
ALLIED TECNOLOGIA S.A.;20247322012072
ALLIED TECNOLOGIA S.A.;20247322017708
ALLIED TECNOLOGIA S.A.;20247322012404
ALLIED TECNOLOGIA S.A.;20247322011939
ALLIED TECNOLOGIA S.A.;20247322017899
ALLIED TECNOLOGIA S.A.;20247322017970
ALLIED TECNOLOGIA S.A.;20247322017465
ALLIED TECNOLOGIA S.A.;20247322017384
ALLIED TECNOLOGIA S.A.;20247322017546
ALLIED TECNOLOGIA S.A.;20247322017627
ALLIED TECNOLOGIA S.A.;20247322000309
ALLIED TECNOLOGIA S.A.;20247322000490
ALLIED TECNOLOGIA S.A.;20247322003405
ALLIED TECNOLOGIA S.A.;20247322004134
ALLIED TECNOLOGIA S.A.;20247322001542
ALLIED TECNOLOGIA S.A.;20247322004215
ALLIED TECNOLOGIA S.A.;20247322004304
ALLIED TECNOLOGIA S.A.;20247322001038
ALLIED TECNOLOGIA S.A.;20247322001704
ALLIED TECNOLOGIA S.A.;20247322003677
ALLIED TECNOLOGIA S.A.;20247322001623
ALLIED TECNOLOGIA S.A.;20247322005459
ALLIED TECNOLOGIA S.A.;20247322005963
ALLIED TECNOLOGIA S.A.;20247322005378
ALLIED TECNOLOGIA S.A.;20247322002352
ALLIED TECNOLOGIA S.A.;20247322005700
ALLIED TECNOLOGIA S.A.;20247322005610
ALLIED TECNOLOGIA S.A.;20247322006269
ALLIED TECNOLOGIA S.A.;20247322005882
ALLIED TECNOLOGIA S.A.;20247322006188
ALLIED TECNOLOGIA S.A.;20247322005530
ALLIED TECNOLOGIA S.A.;20247322008555
ALLIED TECNOLOGIA S.A.;20247322009870
ALLIED TECNOLOGIA S.A.;20247322009284
ALLIED TECNOLOGIA S.A.;20247322013478
ALLIED TECNOLOGIA S.A.;20247322012749
ALLIED TECNOLOGIA S.A.;20247322013397
ALLIED TECNOLOGIA S.A.;20247322014369
ALLIED TECNOLOGIA S.A.;20247322018275
ALLIED TECNOLOGIA S.A.;20247322001976
ALLIED TECNOLOGIA S.A.;20247322022116
ALLIED TECNOLOGIA S.A.;20247322000902
ALLIED TECNOLOGIA S.A.;20247322000732
ALLIED TECNOLOGIA S.A.;20247322001895
ALLIED TECNOLOGIA S.A.;20247322004800
ALLIED TECNOLOGIA S.A.;20247322002000
ALLIED TECNOLOGIA S.A.;20247322003910
ALLIED TECNOLOGIA S.A.;20247322000651
ALLIED TECNOLOGIA S.A.;20247322004053
ALLIED TECNOLOGIA S.A.;20247322013044
ALLIED TECNOLOGIA S.A.;20247322013630
ALLIED TECNOLOGIA S.A.;20247322005025
ALLIED TECNOLOGIA S.A.;20247322014520
ALLIED TECNOLOGIA S.A.;20247322006340
ALLIED TECNOLOGIA S.A.;20247322014873
ALLIED TECNOLOGIA S.A.;20247322000813
ALLIED TECNOLOGIA S.A.;20247322007400
ALLIED TECNOLOGIA S.A.;20247322014288
ALLIED TECNOLOGIA S.A.;20247322012668
ALLIED TECNOLOGIA S.A.;20247322014954
ALLIED TECNOLOGIA S.A.;20247322018003
ALLIED TECNOLOGIA S.A.;20247322013559
ALLIED TECNOLOGIA S.A.;20247322015098
ALLIED TECNOLOGIA S.A.;20247322014016
ALLIED TECNOLOGIA S.A.;20247322012900
ALLIED TECNOLOGIA S.A.;20247322013710
ALLIED TECNOLOGIA S.A.;20247322013125
ALLIED TECNOLOGIA S.A.;20247322014601
ALLIED TECNOLOGIA S.A.;20247322013982
ALLIED TECNOLOGIA S.A.;20247322014792
ALLIED TECNOLOGIA S.A.;20247322013800
ALLIED TECNOLOGIA S.A.;20247322014440
ALLIED TECNOLOGIA S.A.;20247322013206
ALLIED TECNOLOGIA S.A.;20247322012820
ALLIED TECNOLOGIA S.A.;20247322018518
ALLIED TECNOLOGIA S.A.;20247322018356
ALLIED TECNOLOGIA S.A.;20247322003839
ALLIED TECNOLOGIA S.A.;20247322003081
ALLIED TECNOLOGIA S.A.;20247322002514
ALLIED TECNOLOGIA S.A.;20247322004991
ALLIED TECNOLOGIA S.A.;20247322003324
ALLIED TECNOLOGIA S.A.;20247322004568
ALLIED TECNOLOGIA S.A.;20247322002948
ALLIED TECNOLOGIA S.A.;20247322002603
ALLIED TECNOLOGIA S.A.;20247322004487
ALLIED TECNOLOGIA S.A.;20247322002867
ALLIED TECNOLOGIA S.A.;20247322004649
ALLIED TECNOLOGIA S.A.;20247322003243
ALLIED TECNOLOGIA S.A.;20247322002271
ALLIED TECNOLOGIA S.A.;20247322017031
ALLIED TECNOLOGIA S.A.;20247322019832
ALLIED TECNOLOGIA S.A.;20247322019751
ALLIED TECNOLOGIA S.A.;20247322019913
ALLIED TECNOLOGIA S.A.;20247322017112
ALLIED TECNOLOGIA S.A.;20247322020091
ALLIED TECNOLOGIA S.A.;20247322023864
ALLIED TECNOLOGIA S.A.;20247322015764
ALLIED TECNOLOGIA S.A.;20247322015683
ALLIED TECNOLOGIA S.A.;20247322015926
ALLIED TECNOLOGIA S.A.;20247322015845
ALLIED TECNOLOGIA S.A.;20247322016060
ALLIED TECNOLOGIA S.A.;20247322015411
ALLIED TECNOLOGIA S.A.;20247322016140
ALLIED TECNOLOGIA S.A.;20247322016221
ALLIED TECNOLOGIA S.A.;20247322015500
ALLIED TECNOLOGIA S.A.;20247322016302
ALLIED TECNOLOGIA S.A.;20247322016493
ALLIED TECNOLOGIA S.A.;20247322017201
ALLIED TECNOLOGIA S.A.;20247322021144
ALLIED TECNOLOGIA S.A.;20247322012749
ALLIED TECNOLOGIA S.A.;20247322016817
ALLIED TECNOLOGIA S.A.;20247322022035
ALLIED TECNOLOGIA S.A.;20247322016906
ALLIED TECNOLOGIA S.A.;20247322021578
ALLIED TECNOLOGIA S.A.;20247322021730
ALLIED TECNOLOGIA S.A.;20247322021900
ALLIED TECNOLOGIA S.A.;20247322024240
ALLIED TECNOLOGIA S.A.;20247322024160
ALLIED TECNOLOGIA S.A.;20247322024321
ALLIED TECNOLOGIA S.A.;20247322024593
ALLIED TECNOLOGIA S.A.;20247322024402
ALLIED TECNOLOGIA S.A.;20247322023945
ALLIED TECNOLOGIA S.A.;20247322024089
ALLIED TECNOLOGIA S.A.;20247322021659
ALLIED TECNOLOGIA S.A.;20247322000228
ALLIED TECNOLOGIA S.A.   ;20247322021497
ALLIED TECNOLOGIA S.A. ;20247322021810
ALLIED TECNOLOGIA S.A.   ;20247322022469
ALLIED TECNOLOGIA SA;20247322005106
ALLIED TECNOLOGIA SA;20247322005106
ALLIEDTECNOLOGIA S.A.;20247322018437
ALLIEDS/A.;4416818004804
ARB SOLUCAO INDUSTRIAL;23365055000109
ASA BRANCA V ENERGIAS RENOVAVEIS S.A;11681458000250
ASA BRANCA IV ENERGIAS RENOVAVEIS S.A;11681456000261
ASA BRANCA VI ENERGIAS RENOVAVEIS S.A;11694617000251
ASA BRANCA VII ENERGIAS RENOVAVEIS S.A;11694618000204
ASA BRANCA VIII ENERGIAS RENOVAVEIS S.A.;11694621000210
ASSOC DO EDIFICIO  MAJOR QUEDINHO;14.784.017/0001-91
CAFÉ TRÊS CORAÇÕES S/A;17467515003548
Applar Tecnologia Ltda.;30608727000117
CAFÉ TRÊS CORAÇÕES S/A;17467515002738
CAMPO LIMPO TAMPAS E RESINAS PLASTICAS LTDA;19890579000133
CAFÉ TRÊS CORAÇÕES S/A;17467515004510
CAFÉ TRÊS CORAÇÕES S/A;17467515002819
B.blend Máquinas e Bebidas S.A - Itaim;22172203000106
CAFÉ TRÊS CORAÇÕES S/A;17467515004609
CAFÉ TRÊS CORAÇÕES S/A;17467515002908
B.blend Máquinas e Bebidas S.A - Lapa;22172203000440
CAIEIRAS EMPREENDIMENTOS IMOBILIARIOS LTDA - FILIAL;26738688000367
CAFÉ TRÊS CORAÇÕES S/A;17467515003114
B.blend Máquinas e Bebidas S.A - Sete Lagoas;22172203000289
CAMPMOLAS INDUSTRIA E COMÉRCIO LTDA;09044296000117
CAFÉ TRÊS CORAÇÕES S/A;17467515003386
B.blend máquinas e bebidas S.A;22172203000521
CAMPO LIMPO - RECICLAGEM E TRANSFORMACAO DE PLASTICOS S.A.;09456668000201
B.blend máquinas e bebidas S.A;22172203000360
B2W COMPANHIA DIGITAL;00776574000660
CAFÉ TRÊS CORAÇÕES S/A;17467515004277
CAFÉ TRÊS CORAÇÕES S/A;17467515004439
CAFÉ TRÊS CORAÇÕES S/A;17467515003700
CAFÉ TRÊS CORAÇÕES S/A;17467515004358
BERTOLUCCI E CIA LTDA – ME;06923561000220
Bar e restaurante metrópole ltda;51889608000150
BOULEVARD DO PARQUE;15.243.726/0001-22
Bardasse Fábrica de Bares Participações LTDA;20297400000207
CAFETERIAS TRES CORACOES LTDA ;05560126000134
CAAB - Colégio Adventista Alto Boqueirão - EIEFM;76726884005510
CAPGUA - Colégio Adventista Paranaguá - EIEF;76726884002686
CAFETERIAS TRES CORACOES LTDA ;05560126000649
CAC - Colégio Adventista Centenário - EIEFM;76726884006754
CAFETERIAS TRES CORACOES LTDA ;05560126000720
CAFÉ TRÊS CORAÇÕES S/A;17467515004439
CAPI - Colégio Adventista Pinhais - EIEFM;76726884012800
CASJP - Colégio Adventista São José dos Pinhais - EIEFM;76726884005863
CHÁCARA DAS FLORES - EDIF.  FLAMBOYANT;53.835.344/0001-87
CAUV - Colégio Adventista União da Vitória - EIEF;76726884003496
CAFETERIAS TRES CORACOES LTDA ;05560126000568
CAFÉ TRÊS CORAÇÕES S/A;17467515000101
CAFRG - Colégio Adventista Fazenda Rio Grande ;76726884012991
CCABR - Colégio Curitibano Adventista do Bom Retiro - EIEFMP;76726884005359
CAFÉ TRÊS CORAÇÕES S/A;17467515001685
CAFÉ TRÊS CORAÇÕES S/A;17467515002657
CHÁCARA DAS FLORES - EDIF. BOUGAINVILLE;53.835.344/0001-87
CHÁCARA DAS FLORES - EDIF. CAREME;53.835.344/0001-87
COMÉRCIO DE MOLAS OESTE PAULISTA LTDA;07444633000138
CONCURSOS PSI EMPREENDIMENTOS EDITORIAIS LTDA;17975878000145
COMÉRCIO DE MOLAS LIMEIRA LTDA;65820557000114
COMÉRCIO DE MOLAS CAMPO GRANDE LTDA.;10673377000165
COND ED VICTOR BRECHERET;54.934.765/0001-28
COND RESID.MAIS ESTILO & DESIGN MORUMBI;19.436.901/0001-59
CLASSIC CONDOMINIUM CLUB;07.961.602/0001-54
COMERCIAL AUTOMOTIVA S.A.;45987005000198
COND. CHARMANT VILA NOVA;05.545.830/0001-18
COND. COMPLEXO LEOPOLDO - SUBCOND ZENITH;20.195.261/0001-11
COND. ALAMEDA COTEGIPE;20.309.349/0001-17
COND. CAMINO TULIPA;20.817.543/0001-03
COND. DOUBLE OFFICE SANTANA;22.276.743/0001-21
COND. ED. ON THE PARK;09.290.465/0001-07
COND. EDIF.  ANDREA;54.072.558/0001-01
COND. EDIF.  MANSAO DE RACINE;55.399.752/0001-69
COND. EDIF.  ADOLPHO LUTZ;54.225.123/0001-50
COND. EDIF. AIMBERE;-
COND. EDIF. AIROSA;-
COND. EDIF. AJURICABA;54.280.987/0001-74
COND. EDIF. AMPLAVISÃO;67.184.556/0001-56
COND. EDIF. AMPLAVISÃO - PENDÊNCIAS;67.184.556/0001-56
COND. EDIF. ANA MARIA;54.222.849/0001-39
COND. EDIF. ANA PAULA;54.457.809/0001-76
COND. EDIF. ARARUAMA;96.478.102/0001-96
COND. EDIF. ARARUAMA;96.478.102/0001-96
COND. EDIF. BAHAMAS;54.964.002/0001-20
COND. EDIF. BELAS ARTES;61.572.061/0001-18
COND. EDIF. BELVEDER SIENA E LUCCA;62.446.521/0001-24
COND. EDIF. BLUE STAR;66.859.307/0001-50
COND. EDIF. BROOKLIN SELF PROJECT;05.461.222/0001-25
COND. EDIF. BROOKLIN TO LIVE;13.513.443/0001-28
COND. EDIF. BUTANTA;71.928.402/0001-07
COND. EDIF. CAMPO BELO WORK CENTER;01.641.269/0001-10
COND. EDIF. CAMPOBELLO GARDEN HOUSE;66.056.474/0001-63
COND. EDIF. CAMPOBELLO OFFICE CENTER;01.126.230/0001-64
COND. EDIF. CAP  LES ARCS;53.999.363/0001-49
COND. EDIF. CARMO DO RIO VERDE;01.845.576/0001-12
COND. EDIF. DOMANI III;07.047.492/0001-10
COND. EDIF. CONDE DE OXFORD;71.738.512/0001-06
COND. EDIF. CARNAUBEIRAS;02.032.002/0001-98
COND. EDIF. CONSELHEIRO LAFAYETTE;53.823.936/0001-89
COND. EDIF. CASTEL DE VERONA;56.275.217/0001-69
COND. EDIF. CORTINA D AMPEZZO;59.396.630/0001-70
COND. EDIF. DIAMOND PLACE;56.098.783/0001-42
COND. EDIF. CELLINI;54.574.157/0001-50
COND. EDIF. CHATEAU DE BLOIS;07.855.100/0001-49
COND. EDIF. CHÁCARA DAS FLORES;53.835.344/0001-87
COND. EDIF. CISNE BRANCO;60.258.050/0001-03
COND. EDIF. CLERMONT FERRAND;01.705.371/0001-31
COND. EDIF. EDEN ROC;02.444.654/0001-30
COND. EDIF. ELIANE;54.223.433/0001-35
COND. EDIF. E GALERIAS SÃO BENTO;53.823.555/0001-08
COND. EDIF. EQUIPAGE;53.831.996/0001-43
COND. EDIF. ESPACO COR;05.095.594/0001-85
COND. EDIF. GARCIA D'AVILA;54.203.724/0001-61
COND. EDIF. FIRST PLACE;65.030.413/0001-64
COND. EDIF. FRAGATA;54.069.240/0001-71
COND. EDIF. HIGIENOPOLIS BUSINESS CENTER;01.066.069/0001-80
COND. EDIF. GUARACIARA;56.567.431/0001-99
COND. EDIF. GUATAN;74.077.298/0001-74
COND. EDIF. GIARDINO DI CAPRI;55.797.898/0001-62
COND. EDIF. ILHA DE IF;04.181.551/0001-50
COND. EDIF. GIORGIO MORANDI;55.293.492/0001-42
COND. EDIF. ILHA DE MALTA;60.531.332/0001-24
COND. EDIF. ILHA DE RHODES;60.264.330/0001-16
COND. EDIF. ILHA MAUI;05.501.844/0001-30
COND. EDIF. GRADINI;03.040.206/0001-33
COND. EDIF. IMMAGINATO CASA VERDE;24.658.971/0001-91
COND. EDIF. IMMAGINATO CASA VERDE;24.658.971/0001-91
COND. EDIF. ITABORAÍ;61.062.121/0001-52
COND. EDIF. ITABORAÍ;61.062.121/0001-52
COND. EDIF. JURUÁ;17.714.094/0001-63
COND. EDIF. KEY BISCAYNE;00.247.399/0001-00
COND. EDIF. JURUÁ;17.714.094/0001-63
COND. EDIF. ITAMARACA;62.026.273/0001-62
COND. EDIF. KRISTAL PARK;00.782.584/0001-02
COND. EDIF. ITAMARACA;62.026.273/0001-62
COND. EDIF. KEY BISCAYNE;00.247.399/0001-00
COND. EDIF. LE BEAU CHAMP;03.111.186/0001-44
COND. EDIF. ITAPEVA MEDICAL CENTER;03.813.829/0001-00
COND. EDIF. JARDIM DAS ORQUIDEAS;55.383.996/0001-53
COND. EDIF. JARDIM DAS ORQUIDEAS;55.383.996/0001-53
COND. EDIF. JARDINS DE BROOKLIN;55.382.386/0001-35
COND. EDIF. ITAUBA;00.314.878/0001-00
COND. EDIF. LE BEAU CHAMP;03.111.186/0001-44
COND. EDIF. LEBLON;62.578.000/0001-20
COND. EDIF. LEBLON;62.578.000/0001-20
COND. EDIF. LONDONDERRY; 00.156.982/0001-05
COND. EDIF. LONDONDERRY; 00.156.982/0001-05
COND. EDIF. LONG CHAMPS;54.224.241/0001-43
COND. EDIF. LONG CHAMPS;54.224.241/0001-43
COND. EDIF. LUA DE SETIN;62.580.733/0001-08
COND. EDIF. LUA DE SETIN;62.580.733/0001-08
COND. EDIF. LUCIANA;54.030.986/0001-71
COND. EDIF. MAISON LIEGE;67.008.557/0001-40
COND. EDIF. LUCIANA;54.030.986/0001-71
COND. EDIF. MAISON COTE D'AZUR;53.827.515/0001-26
COND. EDIF. MAISON DE LILLE - OBRAS;54.072.368/0001-94
COND. EDIF. MONTE OLIMPO;00.409.791/0001-08
COND. EDIF. MAISON COTE D'AZUR;53.827.515/0001-26
COND. EDIF. MAISON DE LILLE - OBRAS;54.072.368/0001-94
COND. EDIF. MAISON MONT SERRAT;54.209.226/0001-26
COND. EDIF. MAISON DE LILLE;54.072.368/0001-94
COND. EDIF. MAISON GUEDALA;01.492.290/0001-09
COND. EDIF. MAISON DE LILLE;54.072.368/0001-94
COND. EDIF. MAISON RAVEL;62.026.620/0001-57
COND. EDIF. NATALIE;55.382.329/0001-56
COND. EDIF. MAISON LIEGE;67.008.557/0001-40
COND. EDIF. MANSAO CAVIUNA;67.988.287/0001-80
COND. EDIF. MORUMBI FREE LIFE;64.035.058/0001-53
COND. EDIF. MY JOY;26.461.080/0001-76
COND. EDIF. MANSAO LA FONTAINE;59.480.905/0001-59
COND. EDIF. NEW CLASSIC BUSINESS CENTER;00.615.429/0001-93
COND. EDIF. OFFICE BRIGADEIRO;52.518.693/0001-02
COND. EDIF. NEW ORLEANS;54.062.302/0001-13
COND. EDIF. ORIGINALE;15.089.301/0001-00
COND. EDIF. PAÇO DE COIMBRA;54.752.308/0001-12
COND. EDIF. ORNATO MOEMA;11.878.372/0001-31
COND. EDIF. PAJUÇARA;57.861.502/0001-24
COND. EDIF. PAÇO DE TOLEDO;38.885.224/0001-09
COND. EDIF. PALAIS ROYAL;67.181.842/0001-68
COND. EDIF. PEROLA;71.731.053/0001-20
COND. EDIF. PIAZZA FLORENCA;02.163.891/0001-22
COND. EDIF. PAULISTA SUL;04.974.653/0001-22
COND. EDIF. PALAZZO ISOLA D'ORO;56.272.370/0001-32
COND. EDIF. PAÇO DA MATTA;54.199.708/0001-42
COND. EDIF. PANORAMA;55.949.291/0001-50
COND. EDIF. PORTOFINO;68.489.707/0001-47
COND. EDIF. PORTO CERVO;06.242.500/0001-16
COND. EDIF. PLAZA WORK CENTER;00.770.142/0001-38
COND. EDIF. PORTAL MARAJOARA;03.729.528/0001-94
COND. EDIF. PORT CHESTER;55.951.388/0001-06
COND. EDIF. PREDILETTO;10.322.018/0001-63
COND. EDIF. PRIMAVERA MORUMBI;28.649.123/0001-77
COND. EDIF. PRINCE OF EDINBURGH;01.278.413/0001-03
COND. EDIF. QUADRIFOGLIO;64.016.074/0001-07
COND. EDIF. RAINHA ELIZABETH;08.018.559/0001-50
COND. EDIF. RENATA;59.936.104/0001-55
COND. EDIF. ROSENGARTEN;03.787.303/0001-94
COND. EDIF. RESIDENCIAL GARDEN TOWER;02.842.178/0001-05
COND. EDIF. SAINT TROPEZ;06.113.442/0001-20
COND. EDIF. ROYAL MORUMBI;60.536.083/0001-60
COND. EDIF. SAINT GERMAIN;00.929.205/0001-56
COND. EDIF. RIO BRANCO;53.832.689/0001-87
COND. EDIF. SAMAMBAIA;59.485.953/0001-30
COND. EDIF. SAN FRANCISCO;58.005.372/0001-90
COND. EDIF. SAO JOAO;54.641.725/0001-98
COND. EDIF. SAO JUDAS PARK;02.446.969/0001-16
COND. EDIF. SILVER TOWER;03.198.040/0001-88
COND. EDIF. SOLAR DOS ARRUDAS;53.828.794/0001-42
COND. EDIF. SIMONE;54.459.292/0001-54
COND. EDIF. SONATTA;13.286.101/0001-12
COND. EDIF. UP CONCEPT DESIGN OFFICES;26.780.230/0001-04
COND. EDIF. SPAZIO ADATTO RESIDENZA;05.470.541/0001-05
COND. EDIF. STAR SYSTEM;67.631.341/0001-36
COND. EDIF. UP LIFE SÃO PAULO;26.353.051/0001-90
COND. EDIF. VILA ADRIANO/SAVOY;58.105.263/0001-45
COND. EDIF. STELVIO MAZZA;03.327.537/0001-59
COND. EDIF. VILA D´ESTE;56.319.890/0001-53
COND. EDIF. THE GABLES;00.240.953/0001-27
COND. EDIF. VILAGGIO IMPERIALE;02.632.849/0001-03
COND. EDIF. TWIN TOWERS THE DUPLEX;03.226.759/0001-85
COND. EDIF. THE PARLIAMENT;10.272.850/0001-00
COND. EDIF. UNIVERSUM;54.198.577/0001-89
COND. EDIF. THE REGENT FLAT SERVICE;57.857.682/0001-70
COND. EDIF. WORK CENTER 5;04.459.604/0001-51
COND. EDIF. WINTER PARK;03.135.904/0001-12
COND. EDIF. VILLA BRUNO GIORGI;00.420.592/0001-09
COND. EDIF. VISCONDE DE WINDSOR;54.218.672/0001-05
COND. EDIF. VIVIEN TEREZA;54.462.171/0001-61
COND. EDIF. WORK CENTER SAO PAULO;03.555.535/0001-17
COND. EDIF.CONJ. COM. PERDIZES TOWER;03.487.315/0001-01
COND. EDIFICIO VIDA VIVA PARQUE SANTANA;13.172.018/0001-12
COND. EDIFÍCIOS OURO PRETO E MARIANA;64.030.919/0001-00
COND. LE QUARTIER MOEMA;07.286.143/0001-50
COND. LIBER BOSQUE DOS JEQUITIBAS;18.310.568/0001-74
COND. LIBER BOSQUE DOS BURITIS;18.328.750/0001-52
COND. MARQUISE IBIRAPUERA;19.128.140/0001-78
COND. MORADA KLABIN;00.847.280/0001-78
COND. MY SPACE;27.159.978/0001-57
COND. ORVALHO GRANJA VIANA;11.979.466/0001-05
COND. PALMA DE MALLORCA;04.233.922/0001-08
COND. ORVALHO GRANJA VIANA;11.979.466/0001-05
COND. NOVA MOOCA;08.987.317/0001-75
COND. PALMA DE MALLORCA;04.233.922/0001-08
COND. QUARTIER LATIN;54.223.441/0001-81
COND. QUARTIER LATIN;54.223.441/0001-81
COND. RES. OLIMPIA SPECIAL SPACE;18.384.863/0001-75
COND. RES.  PALMA DE MALLORCA;03.091.893/0001-16
COND. RES. OLIMPIA SPECIAL SPACE;18.384.863/0001-75
COND. RES. OLIMPIA SPECIAL SPACE;18.384.863/0001-75
COND. RES. OLIMPIA SPECIAL SPACE;18.384.863/0001-75
COND. RESID. NATUREZA CLUBE MORUMBI;-
COND. RESIDENCIAL EVOLVE MORUMBI;21.600.326/0001-20
COND. TORRES DO IBIRAPUERA;68.483.650/0001-79
COND. VILA BOUGANVILLE;04.264.907/0001-19
COND. VILA BOUGANVILLE;04.264.907/0001-19
COND. VILA INGLESA;03.963.107/0001-23
COND. VILA RESID. GIARDINO DI MILANO;01.983.293/0001-37
COND. VITA SÃO MIGUEL;22.954.210/0001-51
COND.EDIF. BERRINI LAVRA;00.786.295/0001-73
COND. VITA SÃO MIGUEL;22.954.210/0001-51
COND.EDIF. EAST BROOKLIN;68.481.688/0001-02
COND.EDIF. GAR MAJOR QUEDINHO;61.053.575/0001-67
COND.EDIF. GAR MAJOR QUEDINHO;61.053.575/0001-67
COND.EDIF. IMPERIAL TOWER;59.485.797/0001-07
COND.EDIF. MAISON PLATINE;69.293.025/0001-27
COND.EDIF. MIRANTE TROPICAL;02.408.977/0001-78
COND.EDIF. INAJA;02.521.527/0001-97
COND.EDIF. OLD ENGLAND;04.141.716/0001-60
COND.EDIF. PALACIO ESCORIAL;65.518.839/0001-61
COND.EDIF. PALACIO ESCORIAL;65.518.839/0001-61
COND.EDIF. PALAIS ROYAL - MOEMA;68.150.630/0001-86
COND.EDIF. PARQUE DOS JERIVAS;64.724.156/0001-06
COND.EDIF. PARQUE DAS ACACIAS;54.068.655/0001-20
COND.EDIF. PARQUE DAS ACACIAS;54.068.655/0001-20
COND.EDIF. PIAZZA DI SPAGNA;69.272.631/0001-66
COND.EDIF. PRINCE OF SALZBURG;00.456.147/0001-90
COND.EDIF. TRASTEVERE;54.322.789/0001-26
CONDOMINIO ADVANCED ITAIM;10.676.494/0001-82
CONDOMINIO BK30 ALTO DA BOA VISTA;26.859.518/0001-79
CONDOMINIO CLUBLIFE MORUMBI SOLE;17.822.114/0001-10
CONDOMINIO COLINAS DO SUMARE;01056124000151
CONDOMINIO COSTA DO SOL;56.827.348/0001-01
CONDOMINIO DO EDIFICIO LORD REGENTE;29243060000117
CONDOMINIO DO EDIFICIO ITABOCA;72509367000146
CONDOMINIO DO EDIFICIO MARIA ANGELICA;40363244000153
CONDOMINIO EDIFICIO VISAGE;10.545.498/0001-21
CONDOMINIO DO EDIFICIO PIRAUBA;73252900000108
CONDOMINIO LAVANDISCA;22.346.419/0001-32
CONDOMINIO EDIFICIO VISTA ALEGRE;18.587.133/0001-71
CONDOMINIO EDIFICIO ANAPURUS;54.003.470/0001-38
CONDOMINIO LATITUDE ACLIMAÇÃO;28.796.601/0001-71
CONDOMINIO EDIFICIO ANAPURUS;54.003.470/0001-38
CONDOMINIO IBIRAPUERA CENTRAL PARK;54.069.729/0001-43
CONDOMINIO LAVANDISCA;22.346.419/0001-32
CONDOMINIO EDIFICIO GRIFFE EMPRESARIAL;61.408.076/0001-45
CONDOMINIO IBIRAPUERA CENTRAL PARK;54.069.729/0001-43
CONDOMINIO EDIFICIO MATISSE;67.985.580/0001-94
CONDOMINIO EDIFICIO GUARAVAI;54.198.973/0001-06
CONDOMINIO EDIFICIO OASIS CURSINO;20.891.731/0001-81
CONDOMINIO EDIFICIO GUARAVAI;54.198.973/0001-06
CONDOMINIO EDIFICIO OASIS CURSINO;20.891.731/0001-81
CONDOMINIO EDIFICIO VISAGE;10.545.498/0001-21
CONDOMINIO EDIFICIO MATISSE;67.985.580/0001-94
CONDOMINIO LINK STUDIOS & OFFICES;25.139.003/0001-31
CONDOMINIO LINK OFFICES;25.139.003/0001-31
CONDOMINIO LINK STUDIOS;25.139.003/0001-31
CONDOMINIO EDIFICIO RIO JURUA;00523435000110
CONDOMINIO MAXHAUS ITAIM;18.803.496/0001-05
CONDOMINIO QUARTIER CAMPO BELO;28.937.984/0001-50
CONDOMINIO RESIDENCIAL VILA HIPICA;10.217.165/0001-73
CONDOMINIO RESIDENCIAL VILA HIPICA;10.217.165/0001-73
CONDOMINIO STATION OFFICES SAUDE;20.487.655/0001-43
CONDOMINIO SUPREMO;14.072.790/0001-25
CONDOMINIO SUPREMO;14.072.790/0001-25
CONDOMINIO TERRA DA MATA;08.357.347/0001-06
CONDOMINIO VERONA;10.466.618/0001-03
CONDOMINIO VERONA;10.466.618/0001-03
CONDOMINIO. RESERVA ATLANTICA;04.932.830/0001-08
CONDOMÍNIO  MERIDIANI;57.859.795/0001-05
CONDOMÍNIO EDIFÍCIO DESIGN CAMPO BELO;20.816.338/0001-23
CONDOMÍNIO EDIFÍCIO DESIGN CAMPO BELO;20.816.338/0001-23
CONDOMÍNIO GREEN PARK;03.470.475/0001-30
CONDOMÍNIO GREEN PARK;03.470.475/0001-30
CONDOMÍNIO HYDE PARK;27194202000178
CONDOMÍNIO L'ESSENCE MOOCA;23.313.957/0001-93
Cerradinho Particip. S.A - 0001-11;11196718000111
CONJUNTO RESIDENCIAL VILLAGE DI TORINO;01.674.958/0001-20
CONDOMÍNIO MAISON ETOILE;24.312.466/0001-90
CONJUNTO RESIDENCIAL VILLAGE DI TORINO;01.674.958/0001-20
CONSTANTINA EMPREENDIMENTOS IMOBILIARIOS LTDA - FILIAL;27467586000236
CONDOMÍNIO MUSTIQUE;07.570.184/0001-74
Campo Limpo - Reciclagem e Transformação de Plásticos SA;09456668000112
CONDOMÍNIO RESIDENCIAL RAÍZES MORUMBI;23.941.270/0001-00
Cerradinho Bioenerg. S.A.;08322396000103
CONDOMÍNIO RESIDENCIAL RAÍZES MORUMBI;23.941.270/0001-00
Cerradinho Bioenerg. S.A. - 0002-86;08322396000286
CONDOMÍNIO VILLAGE PAINEIRAS;03.074.949/0001-24
Cerradinho Logistica Ltda;09457708000140
CONDOMÍNIO VILLAGE PAINEIRAS;03.074.949/0001-24
CONJ. RES. SOLAR DA BOA VISTA;57.009.615/0001-04
Condominio Perobas IV;02908537000180
Cerradinho Particip. S.A - 0002-00;11196718000200
Cidade Maravilhosa Industria e Comercio de Roupas LTDA;09611669000860
Cittá América;20247322022540
Condomínio A3 Offices;15598278000180
Condominio Attualita;12298730/0001-08
Condominio Residencial Itapoã;08.296.334/0001-66
Condominio Bandeira Pauliceia;36.766.263/0001-53
Condominio Residencial Le Soleil;14.487.188/0001-59
Condominio Edificio Monte Haramon;54070206000117
Condominio Residencial Refugio Cantagalo ii;12380452000125
Condominio Edificio Viviane;54.325.147/0001-80
Condomínio Agnes;01842093000164
Condomínio Barata Primo;33706811000161
Condomínio Alegrete;00069292000119
Condomínio Aladim;32365231000195
Condomínio Barra de Itaúna; 05486968000193
Condomínio Barão de Jaceguai;02137466000169
Condomínio Bauhaus;40281016000134
Condomínio Britânia;00281752000178
Condomínio Edifício Arquiteto Vilanova Artigas;10.953.300/0001-49
Condomínio Edifício Aimberê House;27.902.525/0001-79
Condomínio Edifício Alice;54.536.891/0001-24
Condomínio Edificio Residencial Rafael Sanzio;37305218000164
Condomínio Edificio Parque Villa Lobos;05220498000111
Condomínio Edifico Anajá;61062394000105
Condomínio Edificio Porcelana;00.099.490/0001-25
Condomínio Edifício Barbara;54.208.442/0001-57
Condomínio Edifício Acapulco;03676815000183
Condomínio Bruno Werner;22698222000162
Condomínio Deolinda Martins;07229801000172
Condomínio Edificio Barão de Araras;54465679000113
Condomínio Edificio Itaparica;55233845000119
Condomínio Edifício Camargo Guarnieri;07.289.498/0001-01
Condomínio Cardoso;07025815000174
Condomínio Conjunto Residencial Parque Ibirapuera;54.365.051/0001-46
Condomínio Duke;29241395000104
Condomínio Das Brisas;09032447000117
Condomínio Edifício Caramuru;02.986.358/0001-60
Condomínio Edifício Chibarás;59.085.589/0001-10
Condomínio Edifício Con Il Cuore;27.581.429/0001-76
Condomínio Edifício Cristiano Viana;71.730.121/0001-37
Condomínio Edifício Dom Pedro;67.142.224/0001-09
Condomínio Edifício Estoril;02098552000100
Condomínio Edifício Irlanda;54.490.099/0001-86
Condomínio Edifício Fontana del Tritone;54.964.630/0001-05
Condomínio Edifício Itapoa;58.795.634/0001-68
Condomínio Edifício JRS;10.424.300/0001-51
Condomínio Edifício Jardim d'Abril;56.346.034.0001-97
Condomínio Edifício Latitude;10.791.138/0001-00
Condomínio Edifício Lindóia;97.332.928/0001-05
Condomínio Edifício Modulor Tangram;65.085.797/0001-12
Condomínio Edifício Modular Alfa;55.806.020/0001-46
Condomínio Edifício Metrópole Marques de Olinda;17.139.702/0001-53
Condomínio Edifício Montecatin;00746755000130
Condomínio Edifício Módena;02.461.814/0001-59
Condomínio Edifício Nob hill;67.849.265/0001-30
Condomínio Edifício Place Vendome;54.200.894/0001-92
Condomínio Edifício Real;58926122000193
Condomínio Edifício Real Parque V;24.585.179/0001-54
Condomínio Edifício Renata;59.936.104/0001-55
Condomínio Edifício Residence II;54.024.187/0001-92
Condomínio Edifício Residencial Giardino;14.606.753/0001-50
Condomínio Edifício Santorini;24464171000130
Condomínio Edifício Segundo;57999211000105
Condomínio Edifício Sonata Residence;19.319.210/0001-75
Condomínio Edifício São Silvestre;67.634.154/0001-06
Condomínio Edifício Tom Jobim;04.891.862/0001-02
Condomínio Edifício Villagio Di Firenze;38.893.129/0001-49
Condomínio Espaço Comercial Vila Mariana;27.717.406/0001-46
Condomínio Fernando Osório;68655737000186
Condomínio Flamboyant Garden;01351371000180
Condomínio Figueira;72364953000140
Condomínio Gioacchino Rossini;29254133000176
Condomínio Guarujá;00058815000121
Condomínio Imperator;00360153000140
Condomínio Inhangá;02731639000172
Condomínio Jamele;21347184000130
Condomínio Jardim de Ipanema;00173654000117
Condomínio Madressilva;01258231000162
Condomínio Les Palais;14711455000120
Condomínio Life Style;23.556.139.0001-11
Condomínio Luzes da Mata;09.597.966/0001-22
Condomínio Manguaba;39935895000191
Condomínio Mais São Cristovão;16718268000101
Condomínio Maria da Glória;39418876000198
Condomínio Marina II;35796697000133
Condomínio Maripá; 01749673000101
Condomínio Montpellier;06115712000132
Condomínio Osmar;72403363000189
Condomínio Palazzo do Maracanã;21241656000176
Condomínio Pasargada;03391813000148
Condomínio Paulo Negrão;00255049000195
Condomínio Pax;00811482000160
Condomínio Perobas IV ;02908537000180
Condomínio Poliana;66865387000157
Condomínio Piracicaba;39074307000172
Condomínio Polux;00190807000134
Condomínio Residencial Ilha de Boaçava;62.024.997/0001-77
Condomínio Residence Milan;36631868000137
Condomínio Portus da Barra;68716307000127
Condomínio Residencial Villagio do Ipiranga;33.656.592/0001-53
Condomínio Residencial Helbor Loft Evolution II;05.972.316/0001-69
Condomínio Premiere;18486470000172
Condomínio Ritz;01405043000110
Condomínio Residencial Priori Juquiá;29641864000174
Condomínio Residencial Tulipas ;26220275000124
Condomínio Samira;00120106000129
Condomínio Rivieras D'Florença;28939294000130
Condomínio Shopping Center D;00087900000118
Condomínio Solar Satélite;29269578000120
Condomínio Solar Uberaba;39083191000138
Condomínio Solar dos Coqueiros;40276859000142
Condomínio Studios Vila Santa Catarina;18.905.404.0001-90
Condomínio Sundance;07554010000118
Condomínio Vila Bela;30871244000100
Condomínio Sunrise Residence Service;07404555000148
Condomínio Tour D'Avignon;29278819000105
Condomínio Uirapuru;06301604000154
Condomínio União;35798792000176
Condomínio Via Alto Mapendi Reserva;24107966000190
Cotax;38184154000153
Condomínio Vila Maria Julia;00058797000188
Contour Global do Brasil Holding LTDA;09531894000110
D. CENTER DISTRIBUIDORA LTDA.;05651966000455
D003-RIO DE JANEIRO;51427102000390
D009-SALVADOR;51427102000986
D014-FORTALEZA;51427102000471
D015-GOIÂNIA;51427102001524
D032-MANAUS;51427102003225
D016-BRASÍLIA;51427102001605
D038-SÃO JOSÉ DOS PINHAIS;51427102003810
D030-ANANINDEUA;51427102003063
D042-VÁRZEA GRANDE;51427102005279
D064-CONTAGEM;51427102006402
D082-TABOÃO DA SERRA;51427102008294
D112-SÃO JOSÉ;51427102011244
D111-JABOATÃO DOS GUARARAPES;51427102011163
D156-CARAPICUÍBA;51427102015665
D243-EMBU;51427102024303
D271-GRAVATAÍ;51427102027167
D275 - VÁRZEA GRANDE;51427102027590
D381-PORTO VELHO;51427102038100
D431-RECIFE;51427102043103
D296-CDR MACAPÁ;51427102029615
D730-RIO DE JANEIRO;
D729-JABOATAO DOS GUARARAPES;
D733-MANAUS;
D768-BRASILIA;
D779-GOIANIA;
DANONE LTDA;23643315000152
DECORLAZER DECORACAO E BRINQUEDOS LTDA - EPP;11878151000163
DELGA INDÚSTRIA E COMÉRCIO S.A.;61532198000149
DIRECIONAL ENGENHARIA S/A - MATRIZ;16614075000100
DIST.DE BANANAS TOCANTINS ;23254706000185
DISTRIBUIDORA MEDEIROS LTDA;08474030000141
DPG SINALIZACAO DIGITAL LTDA;10644293000365
DUCOCO ALIMENTOS S/A - ESPIRITO SANTO - EMPRESA 56;63460299000187
DUCOCO ALIMENTOS S/A - SAO PAULO - EMPRESA 54;63460299000772
DUCOCO PRODUTOS ALIMENTICIOS S/A - CEARA - EMPRESA 02;09426032000128
Downtown - Bloco 15;20247322022620
Downtown - Bloco 14 (Sala 303 e 304);20247322022892
Downtown - Bloco 14 (Sala 301 e 302);20247322022701
EDIF. HLI - 120;10.633.042/0001-13
EDIF. HLI - 120;10.633.042/0001-13
EAAP - Escola Adventista Afonso Pena - EIEF;76726884013025
EDIF. MAISON SAINT VALERY;00.520.111/0001-29
EDIF. PERSONA PARAISO;12.102.970/0001-87
EDIF. PERSONA PARAISO;12.102.970/0001-87
EDIF. VICTORIA TOWER RESIDENCIAL;73.518.490/0001-96
D020-CAMPO GRANDE;51427102002091
EDIFÍCIO MAISON DE VERSAILLES;56.710.221/0001-08
EL CAMINO FOODS S.A.;10291637001100
EDIF. VILLAGIO ARANDU;09.076.849/0001-13
EDIFICIO AZULI VILA MARIANA;08.267.351/0001-75
EDIFÍCIO VILLA BORGHESE;00.988.375/0001-01
EDIFICIO BROOKLIN OFFICE;21.353.678/0001-28
EDIFÍCIO VILLA BORGHESE;00.988.375/0001-01
EDIFICIO ITAIM OFFICE BUILDING;07.093.326/0001-50
EL CAMINO FOODS S.A.;10291637001290
EDIFICIO ITAIM OFFICE BUILDING;07.093.326/0001-50
EL CAMINO FOODS S.A.;10291637002505
EDIFICIO MAISON CHAMPS-ELISEES;54.064.787/0001-84
EL CAMINO FOODS S.A.;10291637002181
EDIFICIO RESIDENCIAL UPTOWN AROUCHE;22.711.033/0001-82
EL CAMINO FOODS S.A.;10291637000480
EDIFICIO RESIDENCIAL UPTOWN AROUCHE;22.711.033/0001-82
EDIFÍCIO  WIDE VIEW;15.542.059/0001-89
EDIFICIOS LOUISVILLE E NASHVILLE;02.973.373/0001-74
EDIFÍCIO CRYSTAL CAMPO BELO;12.808.151/0001-50
EDIFICIOS LOUISVILLE E NASHVILLE;02.973.373/0001-74
EDIFÍCIO MAISON DE VERSAILLES;56.710.221/0001-08
EDIFÍCIO  JANETTE;54.219.951/0001-85
EL CAMINO FOODS S.A.;10291637000804
EL CAMINO FOODS S.A.;10291637001967
EL CAMINO FOODS S.A.;10291637001703
EL CAMINO FOODS S.A.;10291637002262
EL CAMINO FOODS S.A.;10291637002858
EL CAMINO FOODS S.A.;10291637002939
EL CAMINO FOODS S.A.;10291637000219
EL CAMINO FOODS S.A.;10291637000308
EL CAMINO FOODS S.A.;10291637000995
EL CAMINO FOODS S.A.;10291637000642
EL CAMINO FOODS S.A.;10291637000723
EL CAMINO FOODS S.A.;10291637001371
EL CAMINO FOODS S.A.;10291637001533
EL CAMINO FOODS S.A.;10291637002009
EL CAMINO FOODS S.A.;10291637002424
EL CAMINO FOODS S.A.;10291637002696
EL CAMINO FOODS S.A.;10291637002343
EMCI AGENCIA DE VIAGENS TURISMO E INCENTIVOS LTDA;17280120000192
EL CAMINO FOODS S.A.;10291637002939
EMPORIO VILA MADALENA EIRELI;43108885000150
ESTASA EMPRESA DE SERVIÇOSTEC E ADM LTDA;42181669000177
Edificio Silvia;00263256000191
EXTINSANT EQUIPAMENTOS DE COMBATE A INCENDIO LTDA;55861942000156
Edifício Upside View Residence;36.116.239/0001-79
Empresa Brasileira de Comunicação Produção Ltda;04405242000116
F2SB MARKETING LTDA;13562187000169
Empresa Brasileira de Comunicação Produção Ltda;04405242000116
Empresa Brasileira de Comunicação Produção Ltda;04405242000116
Empresa Brasileira de Comunicação Produção Ltda;09160240000128
FM IMPRESSOS PERSONALIZADOS LTDA.;13555994000154
FABRICA DE BARES PARTICIPACOES LTDA;20297400000118
FLEX SOLUCOES EM GESTAO DE SAUDE LTDA;07447729000150
Focus Plan Engenharia, Planejamento, Logística e Construção Ltda.;08.342.015/0001-40
FUNDAÇÃO CESP;62465117000106
Fogás - Boa Vista;04563672001219
Fogás - Macapá;4563672001804
Fogás - Cuiabá;04563672001995
Fogás - Japiim;04563672002100
Fogás - Nova Cidade;4563672002029
Fogás - Rio Branco;04563672000751
Fogás - Porto Velho;04563672000409
Fogás - Santarém;04563672000590
Fornecedor 1;58533667000130
Fornecedor 2;11563878000151
Fornecedor 3;65378282000100
Fundação Parque Tecnológico Itaipu;07769688000118
GAFISA SQUARE SANTO AMARO F1 L1 - EASY;25.982.838/0001-59
GALBA VIEIRA CORDEIRO JUNIOR ;94458278649
HEATING COOLING;44124899000120
Hugo Franco de Campos Apoio Administrativo;35576108000101
Gnova Publicidade LTDA;09160240000128
HELBOR HOME FLEX MOEMA;05.878.263/0001-11
HCJ32 INDUSTRIA GRAFICA EIRELI;01775456000196
GRAND CLUB COND JARDIM BOTANICO;21.196.764/0001-74
Hydronorth S/A;01618551000267
Hydronorth S/A;01618551000348
Hydronorth S/A;01618551000429
Hyster-Yale Brasil Empilhadeiras Ltda;57014896000185
IDEA CONDOMINIUM;28.737.795/0001-34
ITAGIBA & FILHO PRODUTOS NATURAIS LTDA;28860274000170
IDEA CONDOMINIUM;28.737.795/0001-34
INSTITUTO ECOAR PARA A CIDADANIA;69108124000191
IRMAOS BIRCHAL CENTRO AUTOMOTIVO LTDA;08599266000104
JY DIAS GUIMARAES CONSULTORIA LTDA.;18618294000185
JAGUAFRANGOS INDUSTRIA E COMERCIO DE ALIMENTOS LTDA;85090033000122
João Corona Corretora de Seguros Eireli;33333671000123
K002-TB-LAB REP K7S TBF CURITI;51427102000200
K003-TB-LAB REP K7S TBF RJ;51427102000390
K004-TB-LAB REP K7S TBF S MATE;51427102000471
K006-TB-LAB REP K7S TBF P.ALEG;51427102000633
K009-TB-LAB REP K7S TBF SSA;51427102000986
K010-TB-LAB REP K7S TBF SANTOS;51427102001010
K011-TB-LAB REP K7S TBF RECIFE;51427102001109
K013-TB-LAB REP K7S TBF CAMPIN;51427102001362
K017-TB-LAB REP K7S TBF SJCAMP;51427102001796
K020-TB-LAB REP K7S TBF CPGRAN;51427102002091
K023-TB-LAB REP K7S TBF LONDRI;51427102002334
K026-TB-LAB REP K7S TBF MACEIO;51427102002687
K027-TB-LAB REP K7S TBF NATAL;51427102002768
K031-TB-LAB REP K7S TBF SOROCA;51427102003144
K037-TB-LAB REP K7S TBF ARACAJ;51427102003730
K047-TB-LAB REP K7S TBF BAURU;51427102004701
K067-TB-LAB REP K7S TBF TERESI;51427102006755
K051-TB-LAB REP K7 TBF P.PRUDE;51427102005198
K068-CENTRO DESATIVADO;51427102006836
K086-TB-LAB REP K7S TBF V.CONQ;51427102008618
K191-TB-LAB REP K7S TBF PETROL;51427102019148
K088-TB-LAB REP K7S TBF C.GRAN;51427102008880
K223-TB-LAB REP K7S TBF ITABUN;
K160-TB-LAB REP K7S TBF SERRA;51427102016041
K381-TB-LAB REP K7 TBF PRT VEL;51427102038100
K296-TB-LAB REP K7S TBF MACAPA;51427102029615
KADUA BAR E PARTICIPACOES EIRELI;23020248000110
KEEPEE SERVICOS DE MANUTENCAO LTDA;18973806000121
M. Abuhab Participações;03204024000150
K438-TB-LAB REP K7S TBF PARNAI;51427102043871
L004-TB-LAB REP K7S TBF CONG;09262608000401
M004-TB-LAB REP K7S TBF LIMÃO;09262608000169
M4 Produtos e Serviços S/A;09614276000134
MOLAS CONTAGEM LTDA;03292359000178
Multidisplay Comercio e Serviços Tecnológicos S/A;04193879000196
MOOCA CONDOMINIUM CLUB;12.360.173/0001-08
Máquinas Agrícolas Jacto S.A.;55064562000190
ODONTOPREV S.A.;58119199000151
N A PEÇANHA MERCADO ONLINE;31656026000116
MOOCA CONDOMINIUM CLUB;12.360.173/0001-08
MALHARIA ANSELMI LTDA;90005307000178
N.L. SILVA NILMARIZ IMPLEMENTOS PARA GRUPOS GERADORES - EIRELI ;02120931000159
NOVUS DO BRASIL COMERCIO E IMPORTACAO LTDA;66659863000183
OFFICE SILVA BUENO;52.518.693/0001-02
MEX ALIMENTOS;29809520000121
NWT - NEW WORKER TOWER;21113760000185
OLIMPIC CONDOMINIUM RESORT;10.407.827/0001-78
MOBCOM TECNOLOGIA LTDA;28453048000255
MOBCOM TECNOLOGIA LTDA;28453048000174
P003-RIO DE JANEIRO;51427102000390
OLIMPIC CONDOMINIUM RESORT;10.407.827/0001-78
Neomille S.A.;47062997000178
P009-SALVADOR;51427102000986
P017-SÃO JOSÉ DOS CAMPOS;51427102001796
P010-SANTOS;51427102001010
P019-VITORIA;51427102001958
P052-EMBU DAS ARTES;51427102005279
P296-MACAPÁ;51427102029615
P071-RIBEIRÃO PRETO;51427102007131
P431-RECIFE;51427102043103
P636-SÃO PAULO;51427102063635
PEDRA AGROINDUSTRIAL S/A;71304687000105
PEDRA AGROINDUSTRIAL S/A;71304687001845
PEDRA AGROINDUSTRIAL S/A;71304687002817
POSITIVE BRANDS INDUSTRIA E COMERCIO DE ALIMENTOS SAUDAVEIS S.A.;33795393000126
POSITIVE BRANDS INDUSTRIA E COMERCIO DE ALIMENTOS SAUDAVEIS S.A.;33795393000207
PRINCIPAL COMERCIO E INDUSTRIA DE CAFE LTDA ;30740773000175
PRUMO PARTICIPACOES LTDA;31562935000195
PagSeguro Internet S/A;08561701000101
RESIDENCIAL CONTEMPLARE;16.628.064/0001-71
Plant CN01;
RESIDENCIAL CONTEMPLARE;16.628.064/0001-71
RESIDENCIAL INDEPENDENZA;17.820.403/0001-80
RESIDENCIAL TOWN HOUSE MORUMBY;09.400.497/0001-00
Ramos;20247322023783
SANTO EXPEDITO COMERCIO DE ALIMENTOS LTDA;39829732000124
ROBOTTON MASTER;05023162000169
Residencial Grevilia;05.914.485/0001-42
SCIENCE TRADUCOES LTDA;12889195000151
SEDE - Instituição Adventista Sul Brasileira de Educação ;76726884012053
SERVIÇO NACIONAL DE APRENDIZAGEM COMERCIAL - SENAC MINAS;03447242000116
SOLARES DE CIDADE JARDIM - VILA AMÉRICA;07.301.163/0001-53
SOLUCON EIRELI ;00484974000198
SPERANZINI SERVIÇOS E COMERCIO ;12593881000180
SUMAYA GISELLE A. COELLHO ;06090892000145
SWELL IMPORTACAO E COMERCIO DE PRODUTOS DE ILUMINACAO S.A.;10945114000168
SYNAPCOM COMERCIO ELETRONICO LTDA;27932734000165
Santa Cecília Restaurante Ltda;29181279000139
Saquarema;9344031000991
Saquarema - Matriz;20247322022973
Suyane Maselle Abreu e Coelho EIRELI;20299613000189
São Bartolomeu Restaurante Ltda;20736896000189
São Bento Restaurante Ltda;24605454000154
Soudi Pagamentos Ltda.;34639888000129
Secob Serviços e Comércio de Bombas LTDA;10726999000104
São Dionio Restaurante Ltda;35098479000125
Secretaria de Estado da Saúde - COMP;08597121000174
São Paulo;9344031000720
TB-ABREU E LIMA;51427102017366
TB-ADAMANTINA;51427102065840
TB-ACAILANDIA;51427102071492
TB-AGUAS DE LINDOIA;51427102027914
TB-AGUAS DE LINDOIA;
TB-AGUAS LINDAS DE GOIAS;51427102033566
TB-AGUAS DE SÃO PEDRO;51427102058631
TB-ALUMINIO;51427102065506
TB-ALAGOINHAS;51427102032322
TB-ALMIRANTE TAMANDARE;
TB-ALEXANIA;51427102056779
TB-ALMIRANTE TAMANDARE;51427102071573
TB-AMERICANA;51427102007212
TB-ALVORADA;51427102015908
TB-AMPARO;51427102045068
TB-AMONTADA;51427102074327
TB-ANANINDEUA;51427102043529
TB-ANAPOLIS;51427102016394
TB-ANDRADINA;51427102056345
TB-ANCHIETA;51427102038363
TB-APARECIDA;51427102011406
TB-ANGRA DOS REIS;51427102009428
TB-APARECIDA DE GOIANIA;51427102012720
TB-APUCARANA;51427102053591
TB-AQUIDAUANA;51427102066731
TB-AQUIRAZ;51427102050304
TB-ARACAJU;51427102003730
TB-ARACATI;51427102066901
TB-ARACARIGUAMA;51427102055020
TB-ARACATUBA;51427102006321
TB-ARACOIABA DA SERRA;51427102054300
TB-ARARANGUA;51427102075994
TB-ARACRUZ;51427102029020
TB-ARARAQUARA;51427102005511
TB-ARAGUAINA;51427102039505
TB-ARAGUARI;51427102034104
TB-ARARAS;51427102030621
TB-ARAPIRACA;51427102041747
TB-ARARUAMA;51427102017790
TB-ARAUCARIA;51427102048407
TB-ARAXA;51427102034295
TB-ARMACAO DOS BUZIOS;51427102017609
TB-ARROIO DO MEIO;51427102076370
TB-ATIBAIA;51427102013964
TB-ARUJA;51427102028058
TB-ASSIS;51427102026780
TB-ARTUR NOGUEIRA;51427102049721
TB-AVARE;51427102064879
TB-ARRAIAL DO CABO;51427102020901
TB-BAGE;51427102073940
TB-ARROIO DO SAL;51427102075560
TB-BALNEARIO PINHAL;51427102041585
TB-BALNEARIO CAMBORIU;51427102007808
TB-BALNEÁRIO RINCÃO;51427102072707
TB-BALSAS;51427102072383
TB-BARAO DE COCAIS;51427102046706
TB-BARBACENA;51427102036158
TB-BARBALHA;51427102054210
TB-BARCARENA;51427102067118
TB-BARRA BONITA;
TB-BARRA DE SAO MIGUEL;51427102048679
TB-BARRA DO PIRAI;51427102021630
TB-BARRA DOS COQUEIROS;51427102070178
TB-BARRA DOS GARÇAS;51427102066227
TB-BARRA MANSA;51427102009851
TB-BARREIRA;51427102077342
TB-BARREIRAS;51427102031784
TB-BARRETOS;51427102022793
TB-BARUERI;51427102004035
TB-BARUERI;51427102021800
TB-BASE OPERACIONAL AJU;51427102003730
TB-BASE OPERACIONAL BAU;51427102004701
TB-BASE OPERACIONAL CGB;51427102004205
TB-BASE OPERACIONAL CBW;51427102007808
TB-BASE OPERACIONAL CPS;51427102008537
TB-BASE OPERACIONAL DOU;51427102037472
TB-BASE OPERACIONAL FLN;51427102002172
TB-BASE OPERACIONAL JDF;51427102005007
TB-BASE OPERACIONAL JPA;51427102002849
TB-BASE OPERACIONAL LDB;51427102002334
TB-BASE OPERACIONAL ROI;51427102027400
TB-BASE OPERACIONAL SLZ;51427102003306
TB-BASE OPERACIONAL THE;51427102006755
TB-BASE OPERACIONAL UDI;51427102002920
TB-BASE OPERACIONAL VDR;51427102006674
TB-BATURITE;51427102074750
TB-BATATAIS;51427102057236
TB-BAURU;51427102004701
TB-BAURU;51427102047516
TB-BAYEUX;51427102027833
TB-BEBERIBE;51427102057155
TB-BEBEDOURO;51427102025032
TB-BELFORD ROXO;51427102013611
TB-BENEVIDES;51427102058046
TB-BIGUAÇU;51427102057660
TB-BIRIGUI;51427102057406
TB-BETIM;51427102012569
TB-BERTIOGA;51427102014340
TB-BENTO GONÇALVES;51427102061853
TB-BIRITIBA-MIRIM;51427102039092
TB-BLUMENAU;51427102002253
TB-BOA VISTA;51427102037553
TB-BOM JESUS DOS PERDOES;
TB-BOITUVA;51427102060962
TB-BOM JARDIM;51427102060024
TB-BOM JESUS DOS PERDOES;51427102057317
TB-BRAGANCA PAULISTA;51427102013883
TB-BOTUCATU;51427102011082
TB-BREJO SANTO;51427102072111
TB-CABO DE SANTO AGOSTINHO;51427102025113
TB-CABREUVA;51427102033132
TB-BROTAS;51427102047435
TB-BRUMADINHO;51427102044681
TB-BRUMADINHO;51427102077776
TB-CAARAPO;51427102061349
TB-BRUSQUE;51427102059794
TB-CABEDELO;
TB-CACAPAVA;51427102013298
TB-CACHOEIRA;51427102059875
TB-CACHOEIRA DO SUL;51427102033485
TB-CACHOEIRAS DE MACACU;51427102031199
TB-CACHOEIRINHA;51427102015070
TB-CACHOEIRO DE ITAPEMIRIM;51427102014421
TB-CACONDE;51427102048083
TB-CAETE;51427102044096
TB-CAIEIRAS;51427102023927
TB-CAJAMAR;51427102025202
TB-CALDAS NOVAS;51427102033051
TB-CAMACARI;51427102013530
TB-CAMACARI;
TB-CAMARAGIBE;51427102019067
TB-CAMBE;51427102060377
TB-CAMPINA GRANDE;51427102008880
TB-CAMPINA GRANDE DO SUL;51427102048830
TB-CAMPO BOM;51427102044177
TB-CAMPOS DOS GOYTACAZES;51427102008537
TB-CAMPO LARGO;51427102055454
TB-CAMPO LIMPO PAULISTA;51427102020405
TB-CAMPOS DO JORDAO;51427102026942
TB-CAMPO MOURAO;51427102046544
TB-CANAA DOS CARAJAS ;51427102062825
TB-CANDEIAS;51427102019814
TB-CANINDE;51427102074246
TB-CANELA;51427102062078
TB-CANOAS;51427102007301
TB-CANOINHAS;51427102076290
TB-CAPIVARI;51427102065336
TB-CARAGUATATUBA;51427102014006
TB-CAPAO DA CANOA;51427102037200
TB-CARIACICA;51427102011759
TB-CARAPICUIBA;51427102015665
TB-CARUARU;51427102019229
TB-CASCAVEL;51427102050142
TB-CASCAVEL;51427102059956
TB-CASIMIRO DE ABREU;51427102029291
TB-CASTRO;51427102062663
TB-CATAGUASES;51427102060881
TB-CATANDUVA;51427102030036
TB-CAXIAS;51427102070925
TB-CATU;51427102052609
TB-CAUCAIA;51427102024222
TB-CAXIAS DO SUL;51427102004540
TB-CD REG VITÓRIA;51427102016041
TB-CENTRO TÉCNICO E LOGÍSTICO;51427102033647
TB-CENTRO TÉCNICO E LOGÍSTICO;51427102033647
TB-CESARIO LANGE;51427102071140
TB-CETEM NOVO;51427102042042
TB-CIDREIRA;51427102037120
TB-COLINA;
TB-COLATINA;51427102021207
TB-CHAPECO;51427102036824
TB-CHARQUEADAS;51427102065689
TB-CETEM TECBAN VELHO;51427102000471
TB-COLOMBO;51427102027248
TB-CIDADE OCIDENTAL;51427102044843
TB-CONCEICAO DE MACABU;51427102040694
TB-CONCHAL;51427102067460
TB-CONCHAS;51427102065093
TB-CONCORDIA;51427102071069
TB-CONFINS;51427102035771
TB-CONSELHEIRO LAFAIETE;51427102035852
TB-CORUMBA;51427102047192
TB-CONTAGEM;51427102006402
TB-CORONEL FABRICIANO;51427102035429
TB-CORDEIROPOLIS;51427102057074
TB-COSMOPOLIS;51427102038282
TB-COTIA;51427102014693
TB-CRUZ ALTA;51427102075307
TB-CRUZEIRO;51427102029704
TB-CRAVINHOS;51427102047354
TB-CRATO;51427102051203
TB-CRICIUMA;51427102036905
TB-CUBATAO;51427102011678
TB-CUIABA;51427102004205
TB-CURVELO;51427102074912
TB-DIADEMA;51427102004469
TB-DIAS D AVILA;51427102023170
TB-DIVINOPOLIS;51427102035933
TB-DUQUE DE CAXIAS;51427102007727
TB-DOMINGO MARTINS;51427102078071
TB-EMBU;51427102024303
TB-EMBU-GUACU;51427102024494
TB-DOURADOS;51427102037472
TB-ELDORADO DO SUL;51427102041666
TB-ENTRE RIOS ;51427102063392
TB-ESCADA;51427102070330
TB-ESTANCIA;51427102074831
TB-ESTANCIA VELHA;51427102044258
TB-ESTOQUE CENTRAL DE PEÇAS;51427102005279
TB-ESTEIO;51427102025466
TB-ESTOQUE CENTRAL DE PEÇAS;51427102005279
TB-EUNAPOLIS;51427102022440
TB-EUSEBIO;51427102036743
TB-FARROUPILHA;51427102072464
TB-FAZENDA RIO GRANDE;51427102027329
TB-EXTREMOZ;51427102057821
TB-FEIRA DE SANTANA;51427102006160
TB-FERNANDO DE NORONHA;51427102025385
TB-FLORIANOPOLIS;51427102002172
TB-FORMIGA;51427102056264
TB-FERNANDOPOLIS;51427102052862
TB-FERRAZ DE VASCONCELOS;51427102023501
TB-FORMOSA;51427102033213
TB-FORQUILHA;51427102074408
TB-FOZ DO IGUACU;51427102003497
TB-GARANHUNS;51427102053400
TB-GARIBALDI;51427102072545
TB-FUNDAO;
TB-FUNDAO;51427102030117
TB-FRANCISCO MORATO;51427102024575
TB-FRANCA;51427102011910
TB-GARUVA;51427102076109
TB-FRANCO DA ROCHA;51427102024141
TB-GASPAR;51427102075218
TB-GOIANAPOLIS;51427102050223
TB-GOIANA;51427102064100
TB-GRAMADO;51427102061934
TB-GRAVATA;51427102053168
TB-GOVERNADOR VALADARES;51427102010000
TB-GOIANIRA;51427102052781
TB-GRAVATA;
TB-GRAVATAI;51427102027167
TB-GUAIBA;51427102026861
TB-GUAIRA;51427102049306
TB-GUARAPARI;51427102007999
TB-GUAPIMIRIM;51427102024818
TB-GUARAPUAVA;51427102061420
TB-GUARAREMA;51427102040422
TB-GUARUJA;51427102004892
TB-GUARATINGUETA;51427102015312
TB-GUARULHOS;51427102003900
TB-HORIZONTE;51427102053834
TB-HOLAMBRA;51427102049993
TB-HORTOLANDIA;51427102028139
TB-IBATE;51427102055292
TB-IBIRACU;51427102048326
TB-IBIPORA;51427102058208
TB-IBIRITE;51427102035348
TB-IBIUNA;51427102047273
TB-IBITINGA;51427102054563
TB-ICONHA;
TB-IGARACU DO TIETE;51427102054059
TB-IGARAPE;51427102046897
TB-IGARASSU;51427102021126
TB-IGARATA;51427102040503
TB-IGUABA GRANDE;51427102035690
TB-IGUATU;51427102073274
TB-IGREJINHA;51427102061772
TB-ILHEUS;51427102010515
TB-IMBE;51427102037391
TB-ILHA DE ITAMARACA;
TB-ILHA SOLTEIRA;51427102045734
TB-IMBITUBA;51427102056507
TB-IJUI;51427102077008
TB-IMPERATRIZ;51427102040260
TB-INDAIATUBA;51427102014502
TB-INGA;51427102061500
TB-IPATINGA;51427102018923
TB-IPOJUCA;51427102019652
TB-IRACEMAPOLIS;51427102067380
TB-IRANDUBA;51427102055969
TB-ITABIRA;51427102035003
TB-ITABIRITO;51427102047869
TB-ITABORAI;51427102015584
TB-ITACARE;51427102053320
TB-ITABUNA;51427102022360
TB-ITACOATIARA;51427102071654
TB-ITAGUAI;51427102015231
TB-ITAITINGA;51427102047940
TB-ITAITINGA;51427102064607
TB-ITANHAEM;51427102014855
TB-ITAJUBA;51427102034023
TB-ITAJAI;51427102012488
TB-ITAPARICA;51427102019903
TB-ITAPECERICA DA SERRA;51427102020316
TB-ITAPEMA;51427102060296
TB-ITAPEMIRIM;51427102037715
TB-ITAPERUNA;51427102031008
TB-ITAPIPOCA;51427102065921
TB-ITAPIRA;51427102037987
TB-ITAPETININGA;51427102023684
TB-ITAPEVI;51427102028562
TB-ITAPOLIS;
TB-ITAPISSUMA;51427102039416
TB-ITAQUAQUECETUBA;51427102013700
TB-ITATIAIA;51427102017528
TB-ITATIBA;51427102015746
TB-ITAUNA;
TB-ITIRAPINA;51427102071905
TB-ITUPEVA;51427102011597
TB-ITU;51427102010434
TB-ITUIUTABA;51427102063988
TB-ITUVERAVA;51427102045653
TB-IÇARA;51427102056426
TB-JACOBINA;51427102032160
TB-JEQUIE;51427102039840
TB-JARU;51427102067207
TB-JABOATAO DOS GUARARAPES;51427102011163
TB-JARDIM;51427102077423
TB-JAGUARIUNA;51427102042557
TB-JABOATAO DOS GUARARAPES;51427102072979
TB-JATAI;51427102061004
TB-JANDIRA;51427102026004
TB-JARINU;51427102047605
TB-JABOTICABAL;51427102050061
TB-JALES;
TB-JABOTICATUBAS;51427102064011
TB-JAU;51427102026195
TB-JAPERI;51427102023331
TB-JACAREI;51427102009185
TB-JOAO NEIVA;51427102053753
TB-JARAGUA DO SUL;51427102026519
TB-JOAO MONLEVADE;51427102041909
TB-JI-PARANÁ;51427102066308
TB-JOAO PESSOA;51427102002849
TB-JOANOPOLIS;51427102071735
TB-JUAZEIRO;51427102032241
TB-JOINVILLE;51427102004116
TB-JUAZEIRO DO NORTE;51427102010604
TB-JUIZ DE FORA;51427102005007
TB-LAGES;51427102045904
TB-JUNDIAI;51427102003578
TB-LAGOA DA PRATA;
TB-JUQUITIBA;51427102041232
TB-LAGOA SANTA;51427102036239
TB-LAGUNA;51427102062744
TB-LARANJAL PAULISTA;51427102066650
TB-LAURO DE FREITAS;51427102012801
TB-LEME;51427102039173
TB-LIMOEIRO DO NORTE ;51427102063040
TB-LIMEIRA;51427102011830
TB-LENÇOIS PAULISTA;51427102056930
TB-LEOPOLDINA;51427102062400
TB-LINDOIA;51427102071816
TB-LINHARES;51427102029100
TB-LINS;51427102023765
TB-LONDRINA;51427102002334
TB-LORENA;51427102043014
TB-LOUVEIRA;51427102041402
TB-LUIS EDUARDO MAGALHAES;51427102059522
TB-LUZIANIA;51427102032756
TB-MACAE;51427102012216
TB-MACAIBA;
TB-MACAPA;51427102029615
TB-MAIRIPORA;51427102022106
TB-MACEIO;
TB-MADRE DE DEUS;51427102053087
TB-MAIRINQUE;
TB-MAGE;51427102018176
TB-MANGARATIBA;51427102023412
TB-MANHUACU;51427102062582
TB-MANAUS;51427102073355
TB-MARABA;51427102051700
TB-MARATAIZES;51427102028996
TB-MARANGUAPE;51427102061691
TB-MARECHAL DEODORO;51427102029887
TB-MARANGUAPE;
TB-MARACANAU;51427102021398
TB-MARANGUAPE;
TB-MARILIA;51427102012305
TB-MARIANA;51427102034619
TB-MARICA;51427102017447
TB-MARINGA;51427102002415
TB-MARIO CAMPOS;51427102056698
TB-MARITUBA;51427102058127
TB-MATA DE SAO JOAO;51427102032080
TB-MATOZINHOS;51427102059107
TB-MESQUITA;51427102018419
TB-MATRIZ TECBAN;51427102000129
TB-MATÃO;51427102055373
TB-MAUA;51427102007484
TB-MIRASSOL;51427102045491
TB-MIGUEL PEREIRA;51427102051629
TB-MISSAO VELHA;51427102075641
TB-MOGI DAS CRUZES;51427102009347
TB-MOGI MIRIM;51427102042980
TB-MONTE ALEGRE DE MINAS;51427102075803
TB-MONTE MOR;51427102042476
TB-MOGI-GUACU;51427102029968
TB-MONTENEGRO;51427102046200
TB-MONGAGUA;51427102019571
TB-MONTES CLAROS;51427102009770
TB-MOSSORO;51427102021479
TB-MORENO;51427102075722
TB-MORRO AGUDO;51427102063716
TB-MURIAE;51427102060539
TB-NAZARÉ PAULISTA;51427102073193
TB-NAVIRAI;51427102067894
TB-NEROPOLIS;51427102049217
TB-NILOPOLIS;51427102009509
TB-NITEROI;51427102006089
TB-NOSSA SENHORA DO SOCORRO;51427102020073
TB-NOVA FRIBURGO;51427102005783
TB-NOVA IGUACU;51427102007565
TB-NOVA LIMA;51427102024907
TB-NOVA ODESSA;51427102058984
TB-NOVA ODESSA;
TB-NOVA PETROPOLIS;51427102064364
TB-NOVA SERRANA;51427102042123
TB-NOVA VENECIA;51427102059018
TB-NOVO GAMA;51427102033302
TB-NOVO HAMBURGO;51427102005430
TB-OLIMPIA;51427102045220
TB-OLINDA;51427102006593
TB-ORLANDIA;51427102038525
TB-ORLANDIA;
TB-OSASCO;51427102003659
TB-OURINHOS;51427102022874
TB-OURO PRETO;51427102063473
TB-PACAJUS;
TB-PACAJUS;51427102053915
TB-PADRE BERNARDO;51427102050738
TB-PACATUBA;51427102048911
TB-PALHOÇA;51427102077504
TB-PALMAS;51427102026276
TB-PALMARES DO SUL;51427102046110
TB-PACO DO LUMAR;
TB-PACO DO LUMIAR;51427102040180
TB-PANAMBI;51427102076966
TB-PARANAVAI;51427102058470
TB-PARAGUACU PAULISTA;51427102046463
TB-PARANAGUA;51427102048598
TB-PARAOPEBA;
TB-PARA DE MINAS;
TB-PARACAMBI;51427102021045
TB-PARACURU;51427102067703
TB-PARA DE MINAS;51427102071220
TB-PARATI;51427102019490
TB-PARAUAPEBAS;51427102049055
TB-PARIQUERA-AÇU;51427102065255
TB-PARNAIBA;51427102043871
TB-PARNAMIRIM;51427102022955
TB-PAROBE;51427102044339
TB-PASSO FUNDO;51427102017870
TB-PATOS;51427102061187
TB-PASSOS;51427102043286
TB-PATOS DE MINAS;51427102034708
TB-PATY DO ALFERES;51427102051548
TB-PATROCINIO;51427102048245
TB-PAULINIA;51427102025709
TB-PAULISTA;51427102013379
TB-PEDRO LEOPOLDO;51427102035500
TB-PELOTAS;51427102005864
TB-PENAPOLIS ;51427102063201
TB-PEREIRAS;51427102066570
TB-PENHA;51427102064526
TB-PERUIBE;51427102014774
TB-PETROLINA;51427102019148
TB-PETROPOLIS;51427102001281
TB-PIEDADE;51427102062310
TB-PINDAMONHANGABA;51427102028309
TB-PINDORETAMA ;51427102062906
TB-PINDORETAMA;
TB-PINDORETAMA;
TB-PINHAIS;51427102010787
TB-PINHALZINHO;51427102065174
TB-PIRACICABA;51427102004388
TB-PINHEIRAL;51427102041828
TB-PIRAI;51427102016556
TB-PIRAPORA DO BOM JESUS;51427102065417
TB-PIRAQUARA;51427102060709
TB-PIRASSUNUNGA;51427102038797
TB-PIUMA;51427102030460
TB-PLANALTINA;51427102032918
TB-POA;51427102018338
TB-POCOS DE CALDAS;51427102009690
TB-POJUCA;51427102050495
TB-PONTA GROSSA;51427102012640
TB-PONTA PORA;51427102041313
TB-PONTAL DO PARANA;51427102046382
TB-PONTE NOVA;51427102066146
TB-PORTAO;51427102045149
TB-PORTO FELIZ;51427102049802
TB-PORTO FERREIRA;51427102038878
TB-PORTO REAL;51427102064283
TB-PORTO SEGURO;51427102018680
TB-PORTO VELHO;51427102038100
TB-POSTO LOG AVANÇADA BHZ;51427102000552
TB-POSTO LOG AVANÇADA BSB;51427102001605
TB-POSTO LOG AVANÇADA CBF;51427102005350
TB-POSTO LOG AVANÇADA CPQ;51427102001362
TB-POSTO LOG AVANÇADA CWB;51427102000200
TB-POSTO LOG AVANÇADA GYN;51427102001524
TB-POSTO LOG AVANÇADA POA;51427102000633
TB-POUSO ALEGRE;51427102035267
TB-QUIXADÁ;51427102074599
TB-PRAIA GRANDE;51427102008022
TB-PRESIDENTE PRUDENTE;51427102005198
TB-QUATIS;51427102056000
TB-QUATRO BARRAS;51427102061268
TB-QUEIMADOS;51427102017285
TB-QUELUZ;
TB-QUISSAMA;51427102067975
TB-RESPLENDOR;51427102070410
TB-RECIFE;51427102043103
TB-REDENCAO;
TB-REGISTRO;51427102027086
TB-RESENDE;51427102010353
TB-RIO BONITO;51427102018095
TB-RIBEIRAO DAS NEVES;51427102047001
TB-RIBEIRAO PIRES;51427102014189
TB-RIO BRANCO;51427102038010
TB-RIO CLARO;51427102013107
TB-RIO CLARO;51427102058399
TB-RIO DAS OSTRAS;51427102026357
TB-RIO DAS PEDRAS;51427102058712
TB-RIO DE JANEIRO;51427102073002
TB-RIO GRANDE;51427102016475
TB-RIO LARGO;51427102042638
TB-RIO GRANDE DA SERRA;51427102043367
TB-RIO VERDE;51427102047788
TB-RIO NEGRO;
TB-RONDONOPOLIS;51427102027400
TB-ROSEIRA;51427102025628
TB-S SEBASTIAO DA BELA VISTA;51427102059603
TB-SABARA;51427102034961
TB-SALGUEIRO;51427102059280
TB-SALTINHO;51427102076702
TB-SALTO;51427102032594
TB-SANTA BARBARA D'OESTE;51427102015827
TB-SANTA BARBARA;51427102060458
TB-SANTA BARBARA DO PARA;51427102059441
TB-SANTA CRUZ CABRALIA;51427102052943
TB-SANTA CRUZ DO CAPIBARIBE;51427102051114
TB-SANTA CRUZ DO RIO PARDO;51427102058550
TB-SANTA ISABEL;51427102024656
TB-SANTA CRUZ DO SUL;51427102037634
TB-SANTA ISABEL DO PARA;51427102057902
TB-SANTA LUZIA;51427102027671
TB-SANTA MARIA;51427102008456
TB-SANTA RITA;51427102052358
TB-SANTANA DE PARNAIBA;51427102062230
TB-SANTA RITA DO SAPUCAI;51427102066065
TB-SANTANA DE PARNAIBA;51427102013026
TB-SANTANA DO ACARAU;
TB-SANTANA DO LIVRAMENTO;51427102074165
TB-SANTAREM;51427102051386
TB-SANTO ANGELO;51427102066499
TB-SANTO AMARO;51427102031946
TB-SANTO ANDRE;51427102028724
TB-SANTO ANTONIO DE JESUS;51427102026438
TB-SANTO ANTONIO DA PATRULHA;51427102073517
TB-SANTO ANTONIO DE PADUA;51427102077695
TB-SANTO ANTONIO DE POSSE;51427102048164
TB-SAO CARLOS;51427102012054
TB-SANTO ANTONIO DO PINHAL;51427102054997
TB-SAO BERNARDO DO CAMPO;51427102014936
TB-SAO CAETANO DO SUL;51427102028643
TB-SAO CRISTOVAO;51427102025890
TB-SAO FIDELIS;51427102051467
TB-SAO GONCALO DO AMARANTE;51427102041070
TB-SAO GONCALO;51427102007646
TB-SAO GONCALO DO AMARANTE;51427102055616
TB-SAO JOAO DA BARRA;51427102072898
TB-SAO JOAQUIM DA BARRA;
TB-SAO JOAO DA BOA VISTA;51427102049136
TB-SAO JOAO DE MERITI;51427102011325
TB-SAO JOAO DEL REI;51427102071301
TB-SAO JOSE DO RIBAMAR;51427102040341
TB-SAO JOSE;51427102011244
TB-SAO JOSE DO RIO PARDO;51427102051890
TB-SAO JOSE DO RIO PRETO;51427102001877
TB-SAO JOSE DOS PINHAIS;51427102003810
TB-SAO LEOPOLDO;51427102012992
TB-SAO LOURENCO DA SERRA;51427102038606
TB-SAO LUIS;51427102003306
TB-SAO MATEUS;51427102023099
TB-SAO SEBASTIAO;51427102000714
TB-SAO PEDRO DA ALDEIA;51427102018257
TB-SAO ROQUE;51427102052277
TB-SAO VICENTE;51427102025970
TB-SAPIRANGA;51427102046030
TB-SAPUCAIA DO SUL;51427102031512
TB-SAQUAREMA;51427102024737
TB-SENADOR CANEDO;51427102044762
TB-SARZEDO;51427102054482
TB-SEROPEDICA;51427102029372
TB-SERRA NEGRA;51427102054806
TB-SETE LAGOAS;51427102035186
TB-SERRA;51427102016041
TB-SILVA JARDIM;51427102060105
TB-SIMOES FILHO;51427102019733
TB-SINOP;51427102041151
TB-SOBRAL;51427102017013
TB-SOCORRO;51427102064798
TB-SOMBRIO;51427102072626
TB-SOORETAMA;51427102063805
TB-STO ANTONIO DO DESCOBERTO;51427102044924
TB-SUMARE;51427102017951
TB-SUZANO;51427102015150
TB-SÃO FRANCISCO DE ITABAPOANA;51427102070682
TB-SÃO FRANCISCO DE PAULA;51427102076532
TB-SÃO FRANCISCO DO CONDE;51427102073606
TB-SÃO GONÇALO DO RIO ABAIXO;51427102072200
TB-SÃO GONÇALO DOS CAMPOS;51427102062159
TB-SÃO MIGUEL DOS CAMPOS;
TB-SÃO PAULO;51427102029453
TB-SÃO PAULO - LOGISTICA;51427102063635
TB-SÃO PAULO - TB VALORES;51427102029534
TB-SÃO PAULO - TB VALORES;51427102037804
TB-SÃO PEDRO;51427102064950
TB-TABOAO DA SERRA;51427102008294
TB-TAQUARA;51427102052439
TB-TANGUA;51427102031270
TB-TAQUARITINGA;51427102046625
TB-TATUI;51427102031350
TB-TAUBATE;51427102009266
TB-TBFORTE RIO;51427102032403
TB-TEOFILO OTONI;51427102060610
TB-TEIXEIRA DE FREITAS;51427102039920
TB-TERESINA;51427102006755
TB-TERESOPOLIS;51427102008103
TB-TEUTONIA;51427102075480
TB-TIBAU DO SUL;51427102040856
TB-TIETE;51427102056850
TB-TIMON;51427102043600
TB-TOLEDO;51427102057740
TB-TORRES;51427102064445
TB-TRAMANDAI;
TB-TRES CACHOEIRAS;51427102076451
TB-TRES COROAS;51427102076613
TB-TRES LAGOAS;51427102059280
TB-TRES RIOS;51427102030974
TB-TRINDADE;51427102032837
TB-TRÊS CORAÇÕES;51427102066812
TB-TUBARAO;51427102037049
TB-UBA;51427102050908
TB-UBAJARA;51427102077261
TB-UBATUBA;51427102014260
TB-UBERABA;51427102008707
TB-UBERLANDIA;51427102002920
TB-UNIDADE OPERACIONAL BEL;51427102003063
TB-UNIDADE OPERACIONAL BHZ;51427102000552
TB-UNIDADE OPERACIONAL CBF;51427102005350
TB-UNIDADE OPERACIONAL BSB;51427102001605
TB-UNIDADE OPERACIONAL CGR;51427102002091
TB-UNIDADE OPERACIONAL CPQ;51427102001362
TB-UNIDADE OPERACIONAL FOR;51427102001443
TB-UNIDADE OPERACIONAL CWB;51427102000200
TB-UNIDADE OPERACIONAL GYN;51427102001524
TB-UNIDADE OPERACIONAL MAO;51427102003225
TB-UNIDADE OPERACIONAL MCZ;51427102002687
TB-UNIDADE OPERACIONAL NAT;51427102002768
TB-UNIDADE OPERACIONAL POA;51427102000633
TB-UNIDADE OPERACIONAL RAO;51427102007131
TB-UNIDADE OPERACIONAL REC;51427102001109
TB-UNIDADE OPERACIONAL RIO;51427102000390
TB-UNIDADE OPERACIONAL SJK;51427102001796
TB-UNIDADE OPERACIONAL SOR;51427102003144
TB-UNIDADE OPERACIONAL SOR;51427102003144
TB-UNIDADE OPERACIONAL SSA;51427102000986
TB-UNIDADE OPERACIONAL SSZ;51427102001010
TB-UNIDADE OPERACIONAL VIX;51427102001958
TB-VALENCA;51427102016637
TB-URUGUAIANA;51427102073860
TB-VALENCA;
TB-VALINHOS;51427102025547
TB-VALPARAISO DE GOIAS;51427102021711
TB-VARZEA GRANDE;51427102027590
TB-VARGEM GRANDE PAULISTA;
TB-VASSOURAS;51427102016122
TB-VARZEA PAULISTA;51427102028481
TB-VARGINHA;
TB-VAZANTE;51427102075056
TB-VIAMAO;51427102023250
TB-VERA CRUZ;51427102031601
TB-VIANA;51427102040775
TB-VILA VELHA;51427102006836
TB-VESPASIANO;51427102033809
TB-VINHEDO;51427102019300
TB-VITORIA DA CONQUISTA;51427102008618
TB-XANGRI-LA;51427102065760
TB-VITORIA DE SANTO ANTAO;
TBF-BARREIRAS;09262608003346
TBF-ARACAJU;09262608001726
TB-VOTORANTIM;51427102030702
TB-VOLTA REDONDA;51427102006674
TB-VOTUPORANGA;51427102031431
TBF-BAURU;09262608002617
TBF-CAMPINA GRANDE;09262608001050
TBF-CAMPINAS;09262608002889
TBF-CAMPO GRANDE;09262608002021
TBF-CONGONHAS;09262608000169
TBF-CARUARU;09262608003508
TBF-CURITIBA;09262608001483
TBF-GARAGEM SAO MATEUS;09262608002536
TBF-JI-PARANA;09262608003427
TBF-ITABUNA;09262608002374
TBF-LIMÃO;09262608000835
TBF-LONDRINA;09262608003184
TBF-MACAPÁ;09262608001130
TBF-PETROLINA;09262608003001
TBF-PARNAÍBA;09262608001211
TBF-PORTO ALEGRE;09262608001645
TBF-NATAL;09262608002293
TBF-PORTO VELHO;09262608000916
TBF-PORTO SEGURO;09262608003265
TBF-MACEIO;09262608002102
TBF-RECIFE;09262608000592
TBF-PRESIDENTE PRUDENTE;09262608002706
TBF-RIO DE JANEIRO;09262608000754
TBF-SALVADOR;09262608000673
TBF-SEDE;09262608000240
TBF-SANTOS;09262608001998
TBF-SERRA;09262608000401
TBF-SOROCABA;09262608002455
TBF-SÃO JOSÉ DOS CAMPOS;09262608001807
TBF-SÃO MATEUS;09262608000320
TBF-TERESINA;09262608001300
TBF-VITÓRIA DA CONQUISTA;09262608001564
TBN-BARUERI;02954620000195
TBN-BELEM;02954620001752
TBN-BELO HORIZONTE;02954620001086
TBN-BRASILIA;02954620002139
TBN-CAMPINAS;02954620001248
TBN-EMBU DAS ARTES;02954620002058
TBN-EMBU DAS ARTES;02954620000276
TBN-CURITIBA;02954620001167
TBN-MACAPA;02954620000780
TBN-GUARULHOS;02954620000519
TBN-GOIANIA;02954620000942
TBN-FORTALEZA;02954620001914
TBN-MANAUS;02954620001329
TBN-MACEIO;02954620001833
TBN-PORTO ALEGRE;02954620001671
TBN-RECIFE;02954620001400
TECNOLOGIA BANCARIA S.A.;51427102000129
TBN-RIO DE JANEIRO;02954620000861
TECNOLOGIA BANCARIA S.A.;51427102000129
TBN-SALVADOR;02954620001590
TBN-SAO PAULO;02954620000608
TRÊS CORACÕES ALIMENTOS S.A.;63310411000101
TECNOLOGIA BANCARIA SA;51427102000471
THE BLUE LOFT;07.453.733/0001-20
TRÊS CORACÕES ALIMENTOS S.A.;63310411001841
TOP TOWERS OFFICES;10.505.390/0001-05
TRÊS CORACÕES ALIMENTOS S.A.;63310411001418
TRES CORACOES IMOVEIS ARMAZENS GERAIS E SERVICOS LTDA ;06189718000154
TRÊS CORACÕES ALIMENTOS S.A.;63310411001922
TRÊS CORACÕES ALIMENTOS S.A.;63310411002066
TRÊS CORACÕES ALIMENTOS S.A.;63310411001680
TRÊS CORACÕES ALIMENTOS S.A.;63310411001760
TRÊS CORACÕES ALIMENTOS S.A.;63310411002902
TRÊS CORACÕES ALIMENTOS S.A.;63310411002813
TRÊS CORACÕES ALIMENTOS S.A.;63310411002651
TRÊS CORACÕES ALIMENTOS S.A.;63310411002490
TRÊS CORACÕES ALIMENTOS S.A.;63310411003119
TRÊS CORACÕES ALIMENTOS S.A.;63310411003038
TRÊS CORACÕES ALIMENTOS S.A.;63310411002732
TRÊS CORACÕES ALIMENTOS S.A.;63310411003208
TRÊS CORACÕES ALIMENTOS S.A.;63310411003380
TRÊS CORACÕES ALIMENTOS S.A.;63310411003461
TRÊS CORACÕES ALIMENTOS S.A. ;63310411001418
TRÊS CORACÕES ALIMENTOS S.A. ;63310411001922
TUPI AGENCIA DE SERVICOS LTDA;03116547000145
TecBan-BACABAL;51427102069242
TecBan-CAMBORIU;51427102068270
TVDA PARTICIPAÇÕES 1 S.A.;18854326000141
TVDA PARTICIPAÇÕES 2 S.A.;18854351000125
TecBan-FRAIBURGO;51427102069404
TecBan-CARATINGA;51427102068351
TecBan-CONGONHAS;51427102069919
TecBan-DIAMANTINA;51427102068190
TecBan-ERECHIM;51427102068785
TecBan-ITAPETINGA;51427102067037
TecBan-GURUPI;51427102069323
TecBan-ITUMBIARA;51427102070097
TecBan-LAPA;51427102067541
TecBan-MACAIBA;51427102067622
TecBan-MARILANDIA;51427102070259
TecBan-PEDREIRA;51427102068513
TecBan-RIO DO SUL;51427102069757
TecBan-PAULO AFONSO;51427102069161
TecBan-PROMISSÃO;51427102068602
TecBan-PEDERNEIRAS;51427102068432
TecBan-MORUNGABA;51427102068866
TecBan-SANTA GERTRUDES;51427102070763
TecBan-SANTANA;51427102068009
TecBan-SAO BENTO DO SUL;51427102069838
TecBan-SARAPUI;51427102069080
TecBan-SURUBIM;51427102068947
TecBan-VIDEIRA;51427102069676
TecBan-XANXERE;51427102069595
Tenneco Automotive Brasil Ltda;44023471000190
UNIQUE JARDINS;08.907.978/0001-43
Tenneco Automotive Brasil Ltda;44023471000352
Tenneco Automotive Brasil Ltda;44023471000786
VIE PINHEIROS;13.371.460/0001-78
Yeb Inteligência de Mercado Ltda;07575829000161
VIVANTI CHACARA SANTO ANTONIO;12.552.470/0001-47
Tenneco Automotive Brasil Ltda;44023471000271
VIE PINHEIROS - PENDENCIA;13.371.460/0001-78
Vila Allegra São Francisco;19.795.322/0001-00
Tranding;40163619824/0002
YEB FORNECEDORES LTDA;71803235000160
associação empresarial de jaragua do sul;84434372000116
VIE PINHEIROS - PENDENCIA;13.371.460/0001-78
Tranding;40163619824/0003
VIVANTI CHACARA SANTO ANTONIO;12.552.470/0001-47
UNIQUE JARDINS;08.907.978/0001-43
sociedade fogás ltda.;04563672000166
master serviços ;21353497000100
